{
  "schedule": "a2",
  "seed": 42,
  "num_samples": 2000,
  "num_times": 101,
  "num_seeds": 3,
  "rtol": 1e-06,
  "atol": 1e-08,
  "median_rel_error": 23.1403014161251,
  "max_rel_error": 430.2661808182738,
  "mean_rel_error": 50.61511485030267,
  "accepted": false
}