{
  "schedule": "a2",
  "seed": 42,
  "num_samples": 2000,
  "num_times": 101,
  "num_seeds": 3,
  "rtol": 1e-06,
  "atol": 1e-08,
  "median_rel_error": 6.669757866540708,
  "max_rel_error": 1291.336309512065,
  "mean_rel_error": 30.568438476052386,
  "accepted": false
}