{
  "schedule": "a1",
  "seed": 42,
  "num_samples": 2000,
  "num_times": 101,
  "num_seeds": 3,
  "rtol": 1e-06,
  "atol": 1e-08,
  "median_rel_error": 8.86430472619902,
  "max_rel_error": 515.4839554070929,
  "mean_rel_error": 25.21924224853036,
  "accepted": false
}