{
  "schedule": "a3",
  "seed": 42,
  "num_samples": 2000,
  "num_times": 101,
  "num_seeds": 3,
  "rtol": 1e-06,
  "atol": 1e-08,
  "median_rel_error": 11.042398604768916,
  "max_rel_error": 1607.6440005443267,
  "mean_rel_error": 30.854370521136264,
  "accepted": false
}