{
  "schedule": "a3",
  "seed": 42,
  "num_samples": 2000,
  "num_times": 101,
  "num_seeds": 3,
  "rtol": 1e-06,
  "atol": 1e-08,
  "median_rel_error": 11.493623257440683,
  "max_rel_error": 5077.577105641882,
  "mean_rel_error": 70.24829059696462,
  "accepted": false
}