{
  "schedule": "a2",
  "seed": 42,
  "num_samples": 2000,
  "num_times": 101,
  "num_seeds": 3,
  "rtol": 1e-06,
  "atol": 1e-08,
  "median_rel_error": 13.036545849951617,
  "max_rel_error": 2135.6936558222524,
  "mean_rel_error": 62.18308904915902,
  "accepted": false
}