{
  "schedule": "a2",
  "seed": 42,
  "num_samples": 2000,
  "num_times": 101,
  "num_seeds": 3,
  "rtol": 1e-06,
  "atol": 1e-08,
  "median_rel_error": 11.8439999352062,
  "max_rel_error": 8495.711682360032,
  "mean_rel_error": 146.21173085244519,
  "accepted": false
}