{
  "schedule": "a1",
  "seed": 42,
  "num_samples": 2000,
  "num_times": 101,
  "num_seeds": 3,
  "rtol": 1e-06,
  "atol": 1e-08,
  "median_rel_error": 4.086594745079344,
  "max_rel_error": 828.2874329974961,
  "mean_rel_error": 30.046489127344923,
  "accepted": false
}