{
  "schedule": "a1",
  "seed": 42,
  "num_samples": 2000,
  "num_times": 101,
  "rtol": 1e-06,
  "atol": 1e-08,
  "median_rel_error": 99.98214327640386,
  "max_rel_error": 100.34571282403752,
  "mean_rel_error": 98.98016122373429,
  "accepted": false
}