{
  "schedule": "a3",
  "seed": 42,
  "num_samples": 2000,
  "num_times": 101,
  "num_seeds": 3,
  "rtol": 1e-06,
  "atol": 1e-08,
  "median_rel_error": 9.421724680802383,
  "max_rel_error": 251.7339363335005,
  "mean_rel_error": 15.930613661956524,
  "accepted": false
}