{
  "schedule": "a2",
  "seed": 42,
  "num_samples": 2000,
  "num_times": 101,
  "num_seeds": 3,
  "rtol": 1e-06,
  "atol": 1e-08,
  "median_rel_error": 9.020857883265174,
  "max_rel_error": 680.6357053798636,
  "mean_rel_error": 34.37326967871321,
  "accepted": false
}