{
  "t_grid": [
    0.0,
    0.01,
    0.02,
    0.03,
    0.04,
    0.05,
    0.06,
    0.07,
    0.08,
    0.09,
    0.1,
    0.11,
    0.12,
    0.13,
    0.14,
    0.15,
    0.16,
    0.17,
    0.18,
    0.19,
    0.2,
    0.21,
    0.22,
    0.23,
    0.24,
    0.25,
    0.26,
    0.27,
    0.28,
    0.29,
    0.3,
    0.31,
    0.32,
    0.33,
    0.34,
    0.35000000000000003,
    0.36,
    0.37,
    0.38,
    0.39,
    0.4,
    0.41000000000000003,
    0.42,
    0.43,
    0.44,
    0.45,
    0.46,
    0.47000000000000003,
    0.48,
    0.49,
    0.5,
    0.51,
    0.52,
    0.53,
    0.54,
    0.55,
    0.56,
    0.5700000000000001,
    0.58,
    0.59,
    0.6,
    0.61,
    0.62,
    0.63,
    0.64,
    0.65,
    0.66,
    0.67,
    0.68,
    0.6900000000000001,
    0.7000000000000001,
    0.71,
    0.72,
    0.73,
    0.74,
    0.75,
    0.76,
    0.77,
    0.78,
    0.79,
    0.8,
    0.81,
    0.8200000000000001,
    0.8300000000000001,
    0.84,
    0.85,
    0.86,
    0.87,
    0.88,
    0.89,
    0.9,
    0.91,
    0.92,
    0.93,
    0.9400000000000001,
    0.9500000000000001,
    0.96,
    0.97,
    0.98,
    0.99,
    1.0
  ],
  "kl_curve": [
    0.0,
    6.294857935456158e-05,
    0.0001191764419825095,
    -6.213759409292505e-05,
    0.0002577349598865592,
    0.0008477496183957632,
    0.0005274789800671794,
    0.00018065086797547318,
    0.0004285511675841271,
    0.0005585392015443739,
    0.00034695306994397764,
    0.00046030030723801267,
    0.000572682665789106,
    0.000311290484363132,
    0.0003703584532138428,
    -0.00017327047271749766,
    0.00016437697031449202,
    2.2818731694490178e-06,
    0.0002070444428226382,
    0.00021076793433332628,
    0.0004294181463001894,
    0.00028168751451912726,
    0.0012014547043337613,
    0.0017576653041842117,
    0.001850466195143859,
    0.001472696731408205,
    0.0013686192189918081,
    0.004299917913272374,
    0.0019805905409455726,
    0.00634242069076503,
    0.0038100838127227664,
    0.005758734838279667,
    0.009917941560649578,
    0.0082339034059383,
    0.008672240319895176,
    0.01624771759208046,
    0.020388578475354333,
    0.019091002900293676,
    0.020490282397592843,
    0.02399479110627017,
    0.028313812002195876,
    0.025023541821030493,
    0.03377780307124884,
    0.042522863228276385,
    0.04035305398558175,
    0.048314683075690264,
    0.05201864167352818,
    0.056608617387749464,
    0.0641978911091497,
    0.07388050946322582,
    0.07158446241323287,
    0.0953734464308351,
    0.08718878809561992,
    0.09949314075386716,
    0.10503205097808878,
    0.10868051299307467,
    0.11429430902391106,
    0.14106497598440007,
    0.14366985793722148,
    0.14758619883268215,
    0.15682034615485896,
    0.15414909070610247,
    0.18106431273228143,
    0.18833460766243704,
    0.1923967861667083,
    0.2013094396282407,
    0.2031905258755985,
    0.2149235709169033,
    0.25549725401208817,
    0.23725264153355688,
    0.25979424660280664,
    0.24376205260568104,
    0.28303137039790344,
    0.2605435946621295,
    0.28776241575634215,
    0.2819934813890158,
    0.32003407034974474,
    0.30150045829489713,
    0.3338643511445465,
    0.2955075760980829,
    0.30891352173568337,
    0.366105945778163,
    0.35093063663365237,
    0.34917184783428273,
    0.35889929421346917,
    0.38391186130382876,
    0.3618569739546124,
    0.3624898388147266,
    0.4059273586677221,
    0.3736793122206481,
    0.37981526932345994,
    0.3639743965727271,
    0.397982917006263,
    0.4040529589781652,
    0.4028579537780986,
    0.35190877392580694,
    0.37339034613524785,
    0.3911586348065752,
    0.37926899832856403,
    0.37047519860259026,
    0.3707892391179846
  ],
  "rhs_cumulative": [
    0.0,
    1.3709951501075398e-05,
    5.0192441524288535e-05,
    0.0001013211210862793,
    0.00015947126168899597,
    0.00021699520189550974,
    0.00027025639123185965,
    0.00031667826009121536,
    0.0003526317270522334,
    0.0003767107373045436,
    0.00038845113676942597,
    0.00038870921186314833,
    0.0003802708309162423,
    0.0003655814187715981,
    0.0003479965015792681,
    0.0003328180736349569,
    0.0003255023038041384,
    0.00033232717599238114,
    0.00036050808555064084,
    0.000417480212479429,
    0.0005139540158084129,
    0.0006579952047577723,
    0.0008618901031639278,
    0.0011404031267374815,
    0.0014998486326491093,
    0.0019453148602538383,
    0.00248780453528047,
    0.0031552739387066763,
    0.003948257670629458,
    0.004883511732735644,
    0.005969027512542847,
    0.00720712964888046,
    0.008646249172739704,
    0.010274062519214668,
    0.012076836378740487,
    0.014120854314679954,
    0.016444420441516526,
    0.018996653481779688,
    0.021761181210211117,
    0.024780882565680187,
    0.02808722178319372,
    0.03163828734228724,
    0.035466293353091274,
    0.0396628188946984,
    0.04414208352312452,
    0.04889370153291894,
    0.053961399691822905,
    0.0593245496276559,
    0.06501700701117581,
    0.07107550006963022,
    0.07740723800354768,
    0.08411151733562247,
    0.0911436540545707,
    0.09837937210745003,
    0.10592424027284195,
    0.1137207171554203,
    0.1217381908378378,
    0.13010402683351074,
    0.13878239629501812,
    0.14761394302215328,
    0.15662076722376478,
    0.16573499483894055,
    0.17503252154331977,
    0.18456543449971613,
    0.19418205697973848,
    0.20384557041077173,
    0.21349522517332875,
    0.22312565468213877,
    0.23296286554288223,
    0.24276974297747117,
    0.2524052200661174,
    0.2618804850509059,
    0.27123730891033954,
    0.2804184899140275,
    0.2893344436310488,
    0.2980442165441601,
    0.3065212967159388,
    0.3147128795153469,
    0.32257198710561963,
    0.3300015275986204,
    0.33688373032670255,
    0.3435005860232626,
    0.34971307873178503,
    0.3553318846467942,
    0.36042264398081786,
    0.3650085450874464,
    0.3690008923362849,
    0.3723370028295918,
    0.37509892710731724,
    0.3772407382955809,
    0.37870267290616044,
    0.3795066451938572,
    0.37965432541224137,
    0.37911594099543905,
    0.3778648692611584,
    0.3759431992649824,
    0.37336229814648425,
    0.3700689370368126,
    0.36610689357198084,
    0.36150681894380915,
    0.3562593450048243
  ],
  "schedule": "a1",
  "metadata": {
    "schedule": "a1",
    "seed": 42,
    "num_samples": 2000,
    "num_times": 101,
    "num_seeds": 3,
    "rtol": 1e-06,
    "atol": 1e-08,
    "median_rel_error": 6.203944661523749,
    "max_rel_error": 14463.788226346736,
    "mean_rel_error": 166.0875357152037,
    "accepted": false
  }
}