{
  "t_grid": [
    0.0,
    0.01,
    0.02,
    0.03,
    0.04,
    0.05,
    0.06,
    0.07,
    0.08,
    0.09,
    0.1,
    0.11,
    0.12,
    0.13,
    0.14,
    0.15,
    0.16,
    0.17,
    0.18,
    0.19,
    0.2,
    0.21,
    0.22,
    0.23,
    0.24,
    0.25,
    0.26,
    0.27,
    0.28,
    0.29,
    0.3,
    0.31,
    0.32,
    0.33,
    0.34,
    0.35000000000000003,
    0.36,
    0.37,
    0.38,
    0.39,
    0.4,
    0.41000000000000003,
    0.42,
    0.43,
    0.44,
    0.45,
    0.46,
    0.47000000000000003,
    0.48,
    0.49,
    0.5,
    0.51,
    0.52,
    0.53,
    0.54,
    0.55,
    0.56,
    0.5700000000000001,
    0.58,
    0.59,
    0.6,
    0.61,
    0.62,
    0.63,
    0.64,
    0.65,
    0.66,
    0.67,
    0.68,
    0.6900000000000001,
    0.7000000000000001,
    0.71,
    0.72,
    0.73,
    0.74,
    0.75,
    0.76,
    0.77,
    0.78,
    0.79,
    0.8,
    0.81,
    0.8200000000000001,
    0.8300000000000001,
    0.84,
    0.85,
    0.86,
    0.87,
    0.88,
    0.89,
    0.9,
    0.91,
    0.92,
    0.93,
    0.9400000000000001,
    0.9500000000000001,
    0.96,
    0.97,
    0.98,
    0.99,
    1.0
  ],
  "kl_curve": [
    0.0,
    0.00021473308583821972,
    0.0005019040444849541,
    0.0002593291931849576,
    0.0015596765381921326,
    0.0032125817223904556,
    0.003563855463824428,
    0.0025565278786743324,
    0.0036703897300782405,
    0.0054293756439191985,
    0.004100596793087997,
    0.0057529019413735255,
    0.009092138063666724,
    0.007331229639147963,
    0.008385450247467922,
    0.007166026486409283,
    0.009548493731946226,
    0.011107260543090143,
    0.010440036058059427,
    0.018754904777477294,
    0.01241187242515373,
    0.013584446397381558,
    0.009122824177955006,
    0.008113939925901245,
    0.011331604559729725,
    0.013891358733632809,
    0.013300809451094428,
    0.011199038376723036,
    0.013579840643550759,
    0.010894641461792599,
    0.014244338113271264,
    0.011541270289228923,
    0.008911197095993138,
    0.011714322182074204,
    0.014072888619833877,
    0.006952664001812148,
    0.0073502616865855274,
    0.009103093045550167,
    0.010437877618906459,
    0.009491432085371433,
    0.007399119356237847,
    0.007339937162073301,
    0.00959273116916417,
    0.006142260674167251,
    0.00637035981628247,
    0.005531944012437219,
    0.006940343955918734,
    0.00617557786760764,
    0.007873687197652428,
    0.006496618147362074,
    0.009312093033816887,
    0.009714758266351549,
    0.008877728473115016,
    0.010011219975527744,
    0.009564406180682779,
    0.009853692015437406,
    0.006768615301786136,
    0.011082472328906972,
    0.01225779208601215,
    0.015002434528211248,
    0.011825026163154758,
    0.009833822646088876,
    0.01525988559971724,
    0.01958412282708528,
    0.017515966761023027,
    0.01659022100900676,
    0.018733908782335662,
    0.02343845838261867,
    0.026525364363559237,
    0.025705690602702863,
    0.02862298692216808,
    0.027375333420200987,
    0.03021572874132245,
    0.02468864367639112,
    0.02996120544452423,
    0.024918997078524185,
    0.036442934592414135,
    0.03081130041169367,
    0.030268597308715086,
    0.02897622205774932,
    0.027090922060305295,
    0.03882260313574141,
    0.0389012838345002,
    0.03401321110703153,
    0.039762198152385624,
    0.040076973252403725,
    0.03669805448337752,
    0.03917817072077004,
    0.041101278953014096,
    0.040609036200694636,
    0.037204179613812054,
    0.03152935678680776,
    0.03820810837643054,
    0.039893829781485694,
    0.04051089675487671,
    0.03366917753840223,
    0.04199918161727687,
    0.03859164657624118,
    0.032529206856679614,
    0.035439727730160936,
    0.03707428955958536
  ],
  "rhs_cumulative": [
    0.0,
    8.520091726237631e-05,
    0.0003266836385826567,
    0.0007061728926487556,
    0.0011968092393984477,
    0.0017622776760196335,
    0.002392250922219553,
    0.003079094819201389,
    0.00380525032199564,
    0.004543131565364603,
    0.00528257375266675,
    0.006018875072148358,
    0.006728130859414307,
    0.007411155700924229,
    0.008066438905286305,
    0.008686355956198084,
    0.009262033427474501,
    0.009779199482489077,
    0.010233741984965683,
    0.010613506129647024,
    0.010928767605771486,
    0.011191644034207728,
    0.011399546055584388,
    0.011552489120920837,
    0.011643179579399773,
    0.01167419258040486,
    0.01165626653346761,
    0.011586601161630348,
    0.011471789845935129,
    0.011319796355708059,
    0.011131512536303371,
    0.010918767752472719,
    0.010680064021176631,
    0.01042484084928566,
    0.010166979906352049,
    0.00990608589944969,
    0.009648434603194386,
    0.00940159179439757,
    0.009175742288564102,
    0.008979061735617808,
    0.008804690135338215,
    0.008648734608764183,
    0.008533900255698635,
    0.008468748075299844,
    0.00845048819089383,
    0.0084929635946205,
    0.008620813274510229,
    0.008814053872667673,
    0.009057836349837473,
    0.00936619885670927,
    0.009752387054797987,
    0.010234076897002776,
    0.010776479528440219,
    0.011407505568522974,
    0.012129177611668427,
    0.012888691004284102,
    0.013688970066819526,
    0.01460674447060407,
    0.01564831265832042,
    0.016744376827735774,
    0.017874282897381737,
    0.01900048827967848,
    0.0201925856233581,
    0.02149073390900546,
    0.022816180122070883,
    0.024135694850015033,
    0.025470520057316887,
    0.026825078742363655,
    0.028201226749006856,
    0.0295874104141549,
    0.030963609879775277,
    0.03230594229888964,
    0.033606706193054205,
    0.034824339712408524,
    0.03596298301789678,
    0.03705643541251324,
    0.038107865545181314,
    0.03907700563851789,
    0.03992203091743115,
    0.040660445502869735,
    0.04128196449741857,
    0.04182366077441393,
    0.042291443314750175,
    0.042660757992668205,
    0.042920778363467145,
    0.043060037504449845,
    0.043083092409829396,
    0.04300125951497994,
    0.042804861079398404,
    0.04249786887988105,
    0.0420982480472776,
    0.041637305475620924,
    0.041096200068181994,
    0.04044729063689156,
    0.039745149223814384,
    0.039034471245645234,
    0.038257918220946666,
    0.037466575383129086,
    0.036750184525260805,
    0.03607281664958442,
    0.035429028960223555
  ],
  "schedule": "a1",
  "metadata": {
    "schedule": "a1",
    "seed": 42,
    "num_samples": 2000,
    "num_times": 101,
    "num_seeds": 3,
    "rtol": 1e-06,
    "atol": 1e-08,
    "median_rel_error": 16.323130626394818,
    "max_rel_error": 172.30751924836406,
    "mean_rel_error": 22.715066193033532,
    "accepted": false
  }
}