{
  "t_grid": [
    0.0,
    0.01,
    0.02,
    0.03,
    0.04,
    0.05,
    0.06,
    0.07,
    0.08,
    0.09,
    0.1,
    0.11,
    0.12,
    0.13,
    0.14,
    0.15,
    0.16,
    0.17,
    0.18,
    0.19,
    0.2,
    0.21,
    0.22,
    0.23,
    0.24,
    0.25,
    0.26,
    0.27,
    0.28,
    0.29,
    0.3,
    0.31,
    0.32,
    0.33,
    0.34,
    0.35000000000000003,
    0.36,
    0.37,
    0.38,
    0.39,
    0.4,
    0.41000000000000003,
    0.42,
    0.43,
    0.44,
    0.45,
    0.46,
    0.47000000000000003,
    0.48,
    0.49,
    0.5,
    0.51,
    0.52,
    0.53,
    0.54,
    0.55,
    0.56,
    0.5700000000000001,
    0.58,
    0.59,
    0.6,
    0.61,
    0.62,
    0.63,
    0.64,
    0.65,
    0.66,
    0.67,
    0.68,
    0.6900000000000001,
    0.7000000000000001,
    0.71,
    0.72,
    0.73,
    0.74,
    0.75,
    0.76,
    0.77,
    0.78,
    0.79,
    0.8,
    0.81,
    0.8200000000000001,
    0.8300000000000001,
    0.84,
    0.85,
    0.86,
    0.87,
    0.88,
    0.89,
    0.9,
    0.91,
    0.92,
    0.93,
    0.9400000000000001,
    0.9500000000000001,
    0.96,
    0.97,
    0.98,
    0.99,
    1.0
  ],
  "kl_curve": [
    0.0,
    0.00013284855513067006,
    0.00018957130334247734,
    0.00010714362463088772,
    0.0007609878464041748,
    0.0016880578102415247,
    0.0015844327815386593,
    0.0006494272778622038,
    0.0015386732892343931,
    0.0018030069716684308,
    0.001213298496861091,
    0.0016508193152301922,
    0.002999005837423846,
    0.0022158634743167276,
    0.002790131659824519,
    0.0016315024503130028,
    0.0028634154064731397,
    0.003192261544525918,
    0.0024282402405361283,
    0.0055678192064322245,
    0.002489175410499649,
    0.002961109360555709,
    0.001344029357105065,
    0.0010150700580681636,
    0.0017370259271012,
    0.001250397558924976,
    0.0018892179588835803,
    0.0012999960564280336,
    0.0021621515368128665,
    0.001140211910883928,
    0.0002235922078084009,
    0.0009417039910894122,
    0.0018376615674946734,
    0.00122134149159177,
    0.0010865887836678321,
    0.001267140764738553,
    0.004360976119663731,
    0.0036119413138462424,
    0.0030067654752602376,
    0.002708593016994922,
    0.00593830222578622,
    0.004230591171387517,
    0.007697555880966639,
    0.01117465667361781,
    0.008484660604533638,
    0.01211154486523927,
    0.010801992337592567,
    0.014910881045750815,
    0.01704375919699817,
    0.022236136807583295,
    0.018409755147190773,
    0.030745374539535037,
    0.026134882614184868,
    0.029550564661518716,
    0.032834969602188256,
    0.03523840614716412,
    0.03506162016117331,
    0.04743089841815209,
    0.0486891149986799,
    0.04992847008814999,
    0.05339450003162444,
    0.050999709102843606,
    0.062157009340695034,
    0.06495473601203199,
    0.06624061367226598,
    0.07101295467394182,
    0.06884742137663598,
    0.07487225740983615,
    0.09498678347595739,
    0.08206475469631974,
    0.09335191442195516,
    0.08295418844466261,
    0.1048310948708902,
    0.08741050547501039,
    0.10405537299738697,
    0.09851637907900553,
    0.11399876972172752,
    0.10541795850066733,
    0.12317319727577698,
    0.10243020955062794,
    0.10792079970534309,
    0.1333861905685488,
    0.12199903142284546,
    0.12232855815410704,
    0.12497771708507688,
    0.13728526025533494,
    0.12253470787078352,
    0.12046923721695696,
    0.14170507851419123,
    0.12424512208490683,
    0.12434378865378264,
    0.11913382169680238,
    0.13467316900132462,
    0.13313719335514537,
    0.1311088348853134,
    0.10054510051418264,
    0.10870879354235997,
    0.12095813173931587,
    0.11590706301333953,
    0.10689694813981239,
    0.10965063579770172
  ],
  "rhs_cumulative": [
    0.0,
    3.80633162201535e-05,
    0.00014467934553567607,
    0.0003048115040105656,
    0.0005027997975116578,
    0.0007226510816707847,
    0.0009555162899304584,
    0.0011975485956288148,
    0.00143577188228998,
    0.0016603658318944858,
    0.0018674013785047443,
    0.0020506837040035466,
    0.002205843994459569,
    0.0023299279172972983,
    0.0024210924552952374,
    0.0024788634287629574,
    0.0025040898445163953,
    0.002497391881504288,
    0.0024605571859982658,
    0.002398343030451468,
    0.0023125993924949808,
    0.0022062573734975134,
    0.002084874555099945,
    0.0019525478101808753,
    0.0018186806906890464,
    0.001690364081394464,
    0.0015741746737524729,
    0.001477385307644956,
    0.0014085335259616312,
    0.001374470118922996,
    0.0013761741646011927,
    0.001427657651270107,
    0.001546148947501665,
    0.0017327468128467882,
    0.001989825024867185,
    0.0023309418579593602,
    0.002783338464488513,
    0.00334241783837929,
    0.003992005555622909,
    0.004745326181914861,
    0.005634827944056914,
    0.006655579834057372,
    0.007810394069559485,
    0.009138846401402185,
    0.010598582616583006,
    0.012189253426748318,
    0.013923706449901558,
    0.015805317975162724,
    0.017858543277841085,
    0.020097281418239403,
    0.022472953154350876,
    0.02502524736949583,
    0.027751190078657426,
    0.030569000353734957,
    0.03353460991264523,
    0.03664927212584633,
    0.03986900529754749,
    0.04322647904799318,
    0.04672830926021966,
    0.05031546287371601,
    0.05398096322070089,
    0.057690159120205864,
    0.06145551799595053,
    0.06530193591337764,
    0.06918968309493907,
    0.07309302535177474,
    0.07695902762854295,
    0.08078529420274107,
    0.08467829670909618,
    0.08850839329655598,
    0.09222202384802707,
    0.09583511770162371,
    0.09935869399327078,
    0.10274222670812076,
    0.10595838233498073,
    0.10905208615465078,
    0.11195782356924823,
    0.11467730822772958,
    0.11721867092782608,
    0.11953894784556145,
    0.12157665209273354,
    0.1233932755008798,
    0.12493963756805146,
    0.12618733751338804,
    0.12715843288104775,
    0.12783622063924405,
    0.1282018726229172,
    0.12824639544855687,
    0.12797300117831575,
    0.1273897391083772,
    0.12649913688010028,
    0.12530740767902046,
    0.123804373781548,
    0.12196509446688862,
    0.1198163870607302,
    0.11743237355360371,
    0.1148082723477279,
    0.11187378656445929,
    0.10867212489017343,
    0.10526478362671438,
    0.10165256286115214
  ],
  "schedule": "a1",
  "metadata": {
    "schedule": "a1",
    "seed": 42,
    "num_samples": 2000,
    "num_times": 101,
    "num_seeds": 3,
    "rtol": 1e-06,
    "atol": 1e-08,
    "median_rel_error": 8.86430472619902,
    "max_rel_error": 515.4839554070929,
    "mean_rel_error": 25.21924224853036,
    "accepted": false
  }
}