{
  "t_grid": [
    0.0,
    0.01,
    0.02,
    0.03,
    0.04,
    0.05,
    0.06,
    0.07,
    0.08,
    0.09,
    0.1,
    0.11,
    0.12,
    0.13,
    0.14,
    0.15,
    0.16,
    0.17,
    0.18,
    0.19,
    0.2,
    0.21,
    0.22,
    0.23,
    0.24,
    0.25,
    0.26,
    0.27,
    0.28,
    0.29,
    0.3,
    0.31,
    0.32,
    0.33,
    0.34,
    0.35000000000000003,
    0.36,
    0.37,
    0.38,
    0.39,
    0.4,
    0.41000000000000003,
    0.42,
    0.43,
    0.44,
    0.45,
    0.46,
    0.47000000000000003,
    0.48,
    0.49,
    0.5,
    0.51,
    0.52,
    0.53,
    0.54,
    0.55,
    0.56,
    0.5700000000000001,
    0.58,
    0.59,
    0.6,
    0.61,
    0.62,
    0.63,
    0.64,
    0.65,
    0.66,
    0.67,
    0.68,
    0.6900000000000001,
    0.7000000000000001,
    0.71,
    0.72,
    0.73,
    0.74,
    0.75,
    0.76,
    0.77,
    0.78,
    0.79,
    0.8,
    0.81,
    0.8200000000000001,
    0.8300000000000001,
    0.84,
    0.85,
    0.86,
    0.87,
    0.88,
    0.89,
    0.9,
    0.91,
    0.92,
    0.93,
    0.9400000000000001,
    0.9500000000000001,
    0.96,
    0.97,
    0.98,
    0.99,
    1.0
  ],
  "kl_curve": [
    0.0,
    0.0002798982840671726,
    0.0005057829733049897,
    0.0003706756821322917,
    0.0018728705661168361,
    0.0036403578417182037,
    0.004090063041149484,
    0.002963161334330349,
    0.0044589567224911884,
    0.00622645800336491,
    0.005031944555854764,
    0.007135605579265461,
    0.01057751155231867,
    0.00927470913801406,
    0.011141333099761305,
    0.009200118677393966,
    0.012744568439953067,
    0.014706448296962759,
    0.01392052716874699,
    0.022961324737349076,
    0.015043678686347277,
    0.018191302036429064,
    0.012817231255205558,
    0.01243627605423187,
    0.015357086170976213,
    0.017064189802826823,
    0.01914235619453675,
    0.015137829774761141,
    0.01982445918825809,
    0.014645705588466043,
    0.01799939923139946,
    0.017984934307403937,
    0.01586298887553198,
    0.019263302297478652,
    0.02143966639307943,
    0.012908682704076324,
    0.013004237572474396,
    0.015312814646976635,
    0.0165081520354055,
    0.013862138820928833,
    0.014630974193827676,
    0.016039550574938822,
    0.01524556632114023,
    0.009252202506086177,
    0.01350019859154136,
    0.010887266195777947,
    0.011618206742924906,
    0.014156317262357063,
    0.010111318095608557,
    0.010442883955499896,
    0.01125803467415109,
    0.004807807187225297,
    0.009862875984212843,
    0.011338942175362535,
    0.008575294238979179,
    0.009679660613845191,
    0.007046503838925568,
    0.009549489059650194,
    0.012374671263595644,
    0.0119970613860241,
    0.010435492084731572,
    0.007952950489302684,
    0.009394629937946429,
    0.00902304148045853,
    0.011547129814431413,
    0.012318696162628375,
    0.013879280165102413,
    0.014435162475342581,
    0.010503560505557152,
    0.017219897464015435,
    0.013147147603119457,
    0.01597088997569285,
    0.01788348249512052,
    0.010969920475028929,
    0.01742547097965967,
    0.0157676458199609,
    0.01893982414177982,
    0.018789767354646787,
    0.021207364985971918,
    0.01582919947078584,
    0.01918172485819648,
    0.01760533281404841,
    0.023992362202889302,
    0.02314726063962051,
    0.024409753257015,
    0.02504738735968696,
    0.026964553843230352,
    0.028437658458607278,
    0.024121504104096622,
    0.02981586915086717,
    0.026316829225259204,
    0.03039537341953517,
    0.031538554846314244,
    0.025292791614490984,
    0.03418535785939067,
    0.035806335749027564,
    0.03150691071095237,
    0.03122843567269408,
    0.03514706352686645,
    0.03794473001770097,
    0.03906583020723855
  ],
  "rhs_cumulative": [
    0.0,
    0.00010417938639406314,
    0.0004021304720935133,
    0.000873821591939496,
    0.001485821612688924,
    0.002196674168812881,
    0.0029968136731569886,
    0.0038788466417769576,
    0.0048197349415077875,
    0.005785721664028621,
    0.006768148550260853,
    0.007759719023631704,
    0.008730331115484869,
    0.009678759367275871,
    0.010599570724664937,
    0.011493455606961326,
    0.012346380558101494,
    0.01313114840754955,
    0.013848823852242152,
    0.014478012881645982,
    0.015040903813190192,
    0.015548475066666973,
    0.015986910758303607,
    0.01636304368236738,
    0.016661374670511132,
    0.01688255740192823,
    0.017034002531218572,
    0.017113534821512448,
    0.017127626812611756,
    0.017080067510470417,
    0.016972326881311225,
    0.016812301708325844,
    0.016599103281552882,
    0.01634145376191406,
    0.016043847328254698,
    0.01571061476977491,
    0.015347179637297405,
    0.014957934878414741,
    0.014554400583464543,
    0.01413992812320969,
    0.013713263899852791,
    0.013281148418102517,
    0.012850846800557082,
    0.012415703225733002,
    0.011993597674975442,
    0.011598104252513735,
    0.011234110485183668,
    0.010902903104092063,
    0.010583597112721992,
    0.010279393429173719,
    0.01000917180651708,
    0.009764694060042432,
    0.009551506129359632,
    0.009413916835507833,
    0.009314335495493828,
    0.009224305873175347,
    0.009178924992511424,
    0.00920484044271869,
    0.009295691696162968,
    0.00941625940993454,
    0.009566006333589172,
    0.009737764743066998,
    0.009955004900118017,
    0.010213458867274813,
    0.01049327485124905,
    0.010808680603945612,
    0.011159697117232262,
    0.011536126312727124,
    0.011928732097542432,
    0.012355519564128305,
    0.012801444742290384,
    0.013247796577905353,
    0.013708836298421385,
    0.014181426732497282,
    0.014662404183783766,
    0.01514740211668988,
    0.01564604252168937,
    0.01615226445982605,
    0.01666007267914075,
    0.01716803804315295,
    0.01767001445589695,
    0.018200916745205624,
    0.01875515363946523,
    0.019330244369578274,
    0.01994030410586482,
    0.020579083856004994,
    0.02123972982761132,
    0.02193615430381106,
    0.02271242055758772,
    0.023535800898108496,
    0.02442167435997738,
    0.025424091019499204,
    0.026528586482810035,
    0.027777989135833833,
    0.029182870097186103,
    0.030679027091911105,
    0.0322858330473343,
    0.034162398894903925,
    0.03628419158198726,
    0.03858864930263032,
    0.04114269466311029
  ],
  "schedule": "a1",
  "metadata": {
    "schedule": "a1",
    "seed": 42,
    "num_samples": 2000,
    "num_times": 101,
    "num_seeds": 3,
    "rtol": 1e-06,
    "atol": 1e-08,
    "median_rel_error": 13.60356088424168,
    "max_rel_error": 135.73750155739512,
    "mean_rel_error": 16.444215452536486,
    "accepted": false
  }
}