{
  "t_grid": [
    0.0,
    0.01,
    0.02,
    0.03,
    0.04,
    0.05,
    0.06,
    0.07,
    0.08,
    0.09,
    0.1,
    0.11,
    0.12,
    0.13,
    0.14,
    0.15,
    0.16,
    0.17,
    0.18,
    0.19,
    0.2,
    0.21,
    0.22,
    0.23,
    0.24,
    0.25,
    0.26,
    0.27,
    0.28,
    0.29,
    0.3,
    0.31,
    0.32,
    0.33,
    0.34,
    0.35000000000000003,
    0.36,
    0.37,
    0.38,
    0.39,
    0.4,
    0.41000000000000003,
    0.42,
    0.43,
    0.44,
    0.45,
    0.46,
    0.47000000000000003,
    0.48,
    0.49,
    0.5,
    0.51,
    0.52,
    0.53,
    0.54,
    0.55,
    0.56,
    0.5700000000000001,
    0.58,
    0.59,
    0.6,
    0.61,
    0.62,
    0.63,
    0.64,
    0.65,
    0.66,
    0.67,
    0.68,
    0.6900000000000001,
    0.7000000000000001,
    0.71,
    0.72,
    0.73,
    0.74,
    0.75,
    0.76,
    0.77,
    0.78,
    0.79,
    0.8,
    0.81,
    0.8200000000000001,
    0.8300000000000001,
    0.84,
    0.85,
    0.86,
    0.87,
    0.88,
    0.89,
    0.9,
    0.91,
    0.92,
    0.93,
    0.9400000000000001,
    0.9500000000000001,
    0.96,
    0.97,
    0.98,
    0.99,
    1.0
  ],
  "kl_curve": [
    0.0,
    -1.141379375107091e-06,
    6.92467985465607e-05,
    -5.907645430132347e-05,
    -3.975904417468361e-05,
    0.00018982168820067785,
    -9.919079196550411e-05,
    0.0003442917773578099,
    0.0002367837358599813,
    0.00029008466354411,
    0.0009346611886567466,
    0.0008971201430413616,
    4.0716076825075016e-05,
    0.0009171055543792051,
    0.0009264662082300053,
    0.0018216469694412778,
    0.0013987204338134246,
    0.0013809312816883002,
    0.003153193650323204,
    -0.00031152906396844594,
    0.0050268310876317055,
    0.004759627992805062,
    0.009607812596650398,
    0.012548407662095898,
    0.01232154452438297,
    0.012577804432781453,
    0.012825328137764228,
    0.021099831288622223,
    0.01646274488813606,
    0.028049983808443025,
    0.024805518817407484,
    0.029867987298235307,
    0.03968930339105791,
    0.037541862335154226,
    0.03980179680129333,
    0.05902953231736757,
    0.06642070941082605,
    0.06566999428394182,
    0.07057371563359056,
    0.0805805398255237,
    0.08838009707198169,
    0.086619089226728,
    0.10261601782556966,
    0.12105686249970281,
    0.12262617431119661,
    0.13765570804289948,
    0.14864468019135116,
    0.1570729457315972,
    0.1748918043356417,
    0.19350402871716135,
    0.19574087006632865,
    0.23696444053570528,
    0.22685474064391775,
    0.25363834241858635,
    0.26613182124387497,
    0.27470593050783715,
    0.2918808402017837,
    0.3418531430948581,
    0.34829045469332676,
    0.35922955765095543,
    0.3817852021771028,
    0.38291563869364115,
    0.4368169049626962,
    0.45189780829744225,
    0.4621138890276442,
    0.48317433084102923,
    0.49366970205085564,
    0.5211107910051161,
    0.5942406251307619,
    0.5740307125012724,
    0.6156997051107372,
    0.5964849362795198,
    0.6670984401970506,
    0.6443508646398746,
    0.6887048220003829,
    0.68652486258563,
    0.7638034295633594,
    0.7362891449387711,
    0.7959758296857657,
    0.7351570670582858,
    0.7670717779676748,
    0.8774875436902875,
    0.8634021901699153,
    0.8638584986064904,
    0.890673236983163,
    0.9414803751983422,
    0.9129162731539697,
    0.9227084044829246,
    1.0102455011170746,
    0.9545934721108938,
    0.9788038090322995,
    0.9534453614515733,
    1.0212951089063507,
    1.0478635245530308,
    1.0548516230499667,
    0.9757386093998915,
    1.0211170919450214,
    1.0603706872840437,
    1.0397552646884363,
    1.0421721773567862,
    1.0420762963485346
  ],
  "rhs_cumulative": [
    0.0,
    1.3619399357909557e-06,
    4.821820812361827e-06,
    9.813752957698535e-06,
    1.691108849522817e-05,
    2.782806567659087e-05,
    4.541607048731281e-05,
    7.406082974059853e-05,
    0.00011919952170201067,
    0.00018646860457003636,
    0.00028448394692397584,
    0.00042126868698474695,
    0.000602808053653174,
    0.0008425597949092686,
    0.0011528709716169044,
    0.001547642098868878,
    0.002036562556186461,
    0.002628499861490176,
    0.003347482282010085,
    0.004189277871246156,
    0.00518999873935721,
    0.006379598822686269,
    0.007772451738929914,
    0.009408092258036998,
    0.011272373443349342,
    0.013359915339293982,
    0.015691972295102625,
    0.018341483787544972,
    0.02129194133090325,
    0.024578929564206178,
    0.0282279964282968,
    0.032212405704880556,
    0.03664253344593969,
    0.041474926908296045,
    0.04665871048586673,
    0.05238542848044053,
    0.05871258671027038,
    0.06548125659164636,
    0.07267630249260623,
    0.08040335996480776,
    0.08869279478399697,
    0.09745325611085465,
    0.10675804931529945,
    0.11678648888056926,
    0.127415882211704,
    0.13859748670558567,
    0.15040482603903152,
    0.16278670280695434,
    0.17582093985706082,
    0.18958844418658796,
    0.20391678506084626,
    0.2190067362928855,
    0.2347293714531479,
    0.2509076766277598,
    0.2677488057191619,
    0.2850809305274339,
    0.3029138466398116,
    0.32157250082898836,
    0.3409048776875435,
    0.36055474682925487,
    0.3806572624431263,
    0.40109480170426925,
    0.42207537635566444,
    0.44366863388886135,
    0.46545385377114984,
    0.487440708977559,
    0.5095821300800272,
    0.5318891268915545,
    0.5548219620687567,
    0.5779221437751338,
    0.6008737134007434,
    0.6236597478885201,
    0.6464248611513594,
    0.6691400572298628,
    0.6915297303036664,
    0.7136377388736267,
    0.7356256843561155,
    0.7573175959540726,
    0.7785167419818678,
    0.7989953225495716,
    0.8185424628069059,
    0.8380072437365181,
    0.8570664950571991,
    0.8751100883017261,
    0.8923019826501656,
    0.9088053260772074,
    0.9243420754405319,
    0.9387100078282767,
    0.9522690710624115,
    0.9647615031105359,
    0.9759521117782244,
    0.9859411117715184,
    0.9947651330094741,
    1.002494153039875,
    1.008942510083886,
    1.0139580480394434,
    1.017610961473998,
    1.0199840660438957,
    1.0210182919481245,
    1.0206877400820924,
    1.0189821419878948
  ],
  "schedule": "a1",
  "metadata": {
    "schedule": "a1",
    "seed": 42,
    "num_samples": 2000,
    "num_times": 101,
    "num_seeds": 3,
    "rtol": 1e-06,
    "atol": 1e-08,
    "median_rel_error": 3.9169751274942377,
    "max_rel_error": 1444.7470415378252,
    "mean_rel_error": 44.96999620331207,
    "accepted": false
  }
}