{
  "t_grid": [
    0.0,
    0.01,
    0.02,
    0.03,
    0.04,
    0.05,
    0.06,
    0.07,
    0.08,
    0.09,
    0.1,
    0.11,
    0.12,
    0.13,
    0.14,
    0.15,
    0.16,
    0.17,
    0.18,
    0.19,
    0.2,
    0.21,
    0.22,
    0.23,
    0.24,
    0.25,
    0.26,
    0.27,
    0.28,
    0.29,
    0.3,
    0.31,
    0.32,
    0.33,
    0.34,
    0.35000000000000003,
    0.36,
    0.37,
    0.38,
    0.39,
    0.4,
    0.41000000000000003,
    0.42,
    0.43,
    0.44,
    0.45,
    0.46,
    0.47000000000000003,
    0.48,
    0.49,
    0.5,
    0.51,
    0.52,
    0.53,
    0.54,
    0.55,
    0.56,
    0.5700000000000001,
    0.58,
    0.59,
    0.6,
    0.61,
    0.62,
    0.63,
    0.64,
    0.65,
    0.66,
    0.67,
    0.68,
    0.6900000000000001,
    0.7000000000000001,
    0.71,
    0.72,
    0.73,
    0.74,
    0.75,
    0.76,
    0.77,
    0.78,
    0.79,
    0.8,
    0.81,
    0.8200000000000001,
    0.8300000000000001,
    0.84,
    0.85,
    0.86,
    0.87,
    0.88,
    0.89,
    0.9,
    0.91,
    0.92,
    0.93,
    0.9400000000000001,
    0.9500000000000001,
    0.96,
    0.97,
    0.98,
    0.99,
    1.0
  ],
  "kl_curve": [
    0.0,
    0.00010147716041497486,
    0.0001701699241828556,
    4.903483202005881e-06,
    0.0006892030630333516,
    0.001496725908700436,
    0.0014965567297186434,
    0.0007169077199671949,
    0.001689489343555511,
    0.002284068814445907,
    0.0014089527655879851,
    0.0021958723203995656,
    0.00463280338016482,
    0.0037545924177002517,
    0.004626302671547904,
    0.0033862274441291266,
    0.006052864143621326,
    0.007123270817766306,
    0.00663858860508294,
    0.013060960102064562,
    0.007811923414547606,
    0.010310808132500198,
    0.006990227553808265,
    0.006444980028246154,
    0.009056346621084505,
    0.010793407860925282,
    0.013319636764347687,
    0.010150524514765018,
    0.015576358114937211,
    0.010985627372067699,
    0.015208034162947422,
    0.015036124969287324,
    0.012907746200226139,
    0.01682980302933015,
    0.018404861443749965,
    0.011997544722199507,
    0.01282542772445052,
    0.017033792479553906,
    0.018211651537460353,
    0.017610165647206976,
    0.018515925652470247,
    0.021018986063504646,
    0.020165735587655876,
    0.01811596439880261,
    0.01985947616675622,
    0.020181183682959316,
    0.020630187678376457,
    0.02236059195380698,
    0.020583503894394718,
    0.019247450415410778,
    0.020947837671605726,
    0.017146840062856206,
    0.022390590683506722,
    0.02076944754160302,
    0.020919431859804327,
    0.02261848054066308,
    0.02284141442705979,
    0.017203936497474804,
    0.019598858100163957,
    0.02030203104282755,
    0.020195002802428298,
    0.0228171253910395,
    0.017545764492035695,
    0.018196386677695114,
    0.01949899083565738,
    0.01976909697246278,
    0.021146754292172564,
    0.01776255802217637,
    0.012286500525706165,
    0.017398231507931346,
    0.014727511020051818,
    0.018197780442103923,
    0.013787028678901414,
    0.016968736558983528,
    0.01580673622107619,
    0.018255335068360235,
    0.012123193275509628,
    0.015246143255568148,
    0.012364171814446994,
    0.017971000724569714,
    0.016418863509456857,
    0.009326754358167695,
    0.010267724898614265,
    0.011800767427471904,
    0.009304679876260097,
    0.008051454232855826,
    0.01026806404036914,
    0.008666766489209048,
    0.005983418389134343,
    0.008678124920057914,
    0.007460935341230772,
    0.007448981095722031,
    0.005558688396687693,
    0.0031664029440635617,
    0.001976549239851994,
    0.005270835909865958,
    0.004665444118775341,
    0.0027268840033515553,
    0.004753306328443101,
    0.0027262428763734233,
    0.004675851464622236
  ],
  "rhs_cumulative": [
    0.0,
    2.904119198282241e-05,
    0.00011467711544157135,
    0.000253881623646052,
    0.0004414751293388779,
    0.0006715539203611331,
    0.000942827132487132,
    0.0012584594195216633,
    0.0016110706235380108,
    0.001994349721420245,
    0.0024115371478841186,
    0.002858849867075833,
    0.003324495127038131,
    0.0038086697624366526,
    0.004313900579077803,
    0.004838369039147588,
    0.005375997463010636,
    0.005918825908692797,
    0.006473655820634781,
    0.007025331816259752,
    0.00758169865982508,
    0.008151992439652844,
    0.0087278809410275,
    0.009312898183298628,
    0.009893978982608407,
    0.010467637079045572,
    0.011029840760031887,
    0.011586337362377979,
    0.012131213292489933,
    0.012667142009624465,
    0.013198042278264994,
    0.013710891471840498,
    0.014213509847484637,
    0.014700688985050682,
    0.015167033996910289,
    0.015625685027687557,
    0.016071856816577128,
    0.01649122697620204,
    0.0168883084448231,
    0.017267217618201235,
    0.01762338468382107,
    0.017953629812213604,
    0.01826058605769415,
    0.018545094510269398,
    0.018807090894569715,
    0.019044771047046376,
    0.01925801749910026,
    0.019445568109746666,
    0.01960738530947358,
    0.019744139167725834,
    0.01985629794473709,
    0.019942431972396524,
    0.02000060207783407,
    0.020033728021116512,
    0.020039537513916218,
    0.020018797600761733,
    0.019973220371550113,
    0.019900018118816906,
    0.019799937901362797,
    0.019675148070330696,
    0.01952546372039571,
    0.019353534521744542,
    0.019157380488108663,
    0.018933266875166374,
    0.018685482991642507,
    0.01841710553843349,
    0.018128936616690117,
    0.017821592580549696,
    0.017487597403229884,
    0.017132584677733292,
    0.01676016173790657,
    0.01637153318862649,
    0.015967484717599817,
    0.015550498398123233,
    0.015123378146366542,
    0.014683462743742482,
    0.01422633178054249,
    0.013757593743359805,
    0.013284132077446859,
    0.012812020442879308,
    0.012345868260269,
    0.011862972616194062,
    0.011366085817117748,
    0.010874218574939618,
    0.01038740974633403,
    0.009903765960185978,
    0.009429604654568942,
    0.00896298014531253,
    0.008503843861856427,
    0.008062720712396963,
    0.0076394623409002625,
    0.007236729797554676,
    0.0068632379836831275,
    0.006510216651442416,
    0.006174268251184682,
    0.005864384544647149,
    0.005588030022683881,
    0.00535812619200864,
    0.0051843105441047935,
    0.0050541469477085104,
    0.0049817330082412865
  ],
  "schedule": "a3",
  "metadata": {
    "schedule": "a3",
    "seed": 42,
    "num_samples": 2000,
    "num_times": 101,
    "num_seeds": 3,
    "rtol": 1e-06,
    "atol": 1e-08,
    "median_rel_error": 11.493623257440683,
    "max_rel_error": 5077.577105641882,
    "mean_rel_error": 70.24829059696462,
    "accepted": false
  }
}