{
  "t_grid": [
    0.0,
    0.01,
    0.02,
    0.03,
    0.04,
    0.05,
    0.06,
    0.07,
    0.08,
    0.09,
    0.1,
    0.11,
    0.12,
    0.13,
    0.14,
    0.15,
    0.16,
    0.17,
    0.18,
    0.19,
    0.2,
    0.21,
    0.22,
    0.23,
    0.24,
    0.25,
    0.26,
    0.27,
    0.28,
    0.29,
    0.3,
    0.31,
    0.32,
    0.33,
    0.34,
    0.35000000000000003,
    0.36,
    0.37,
    0.38,
    0.39,
    0.4,
    0.41000000000000003,
    0.42,
    0.43,
    0.44,
    0.45,
    0.46,
    0.47000000000000003,
    0.48,
    0.49,
    0.5,
    0.51,
    0.52,
    0.53,
    0.54,
    0.55,
    0.56,
    0.5700000000000001,
    0.58,
    0.59,
    0.6,
    0.61,
    0.62,
    0.63,
    0.64,
    0.65,
    0.66,
    0.67,
    0.68,
    0.6900000000000001,
    0.7000000000000001,
    0.71,
    0.72,
    0.73,
    0.74,
    0.75,
    0.76,
    0.77,
    0.78,
    0.79,
    0.8,
    0.81,
    0.8200000000000001,
    0.8300000000000001,
    0.84,
    0.85,
    0.86,
    0.87,
    0.88,
    0.89,
    0.9,
    0.91,
    0.92,
    0.93,
    0.9400000000000001,
    0.9500000000000001,
    0.96,
    0.97,
    0.98,
    0.99,
    1.0
  ],
  "kl_curve": [
    0.0,
    0.00011598563271508965,
    0.00017784777271630706,
    8.772528074261717e-05,
    0.0008145131847280109,
    0.0018345260639912122,
    0.0017563977809201055,
    0.0008762754737372576,
    0.0021647729574566206,
    0.002611904580249027,
    0.001818809334324297,
    0.00284260310973179,
    0.0053522842250615385,
    0.004391331652003066,
    0.00548372712052416,
    0.004258442736061606,
    0.0076635603893101915,
    0.00846847941508302,
    0.007911333592443165,
    0.014685910758666243,
    0.00931094790317571,
    0.012026620017227851,
    0.008891606497895365,
    0.007939003751374954,
    0.01095163744582462,
    0.012899801007158686,
    0.01608034290907044,
    0.01239214609264542,
    0.01842731643157332,
    0.013361595589820766,
    0.017476201214449677,
    0.017667520747722553,
    0.015174407380187717,
    0.01925290145452521,
    0.02033118962537027,
    0.01430859096897173,
    0.015982680968918455,
    0.019501672409182158,
    0.020711207247408343,
    0.02033681869669997,
    0.022254721268388126,
    0.023971003740189456,
    0.02320591488850615,
    0.022584029934690737,
    0.022574756680107277,
    0.02403894008568469,
    0.02443827693875336,
    0.02558931152597996,
    0.023798270416579764,
    0.02356941966654537,
    0.0238628593794209,
    0.0220901797998248,
    0.026303016649084705,
    0.024117266868453807,
    0.025066518018540578,
    0.026758776900543842,
    0.027735076136235354,
    0.020268409456653102,
    0.023133075998228652,
    0.02342719996256619,
    0.023830018177077236,
    0.02702099068118449,
    0.020837288182254873,
    0.021598393102244623,
    0.024094195236093338,
    0.023384975313605897,
    0.024018810384779907,
    0.019538302873062772,
    0.0173959860604226,
    0.01861293019693028,
    0.018388503826035428,
    0.019575648229579377,
    0.016989223159211527,
    0.01923026530031975,
    0.0198935523552666,
    0.021434784937260625,
    0.015292708081958073,
    0.017931472041589066,
    0.01761217920296362,
    0.022301489307068403,
    0.019779548632394926,
    0.015101680957958441,
    0.012355233681906011,
    0.016073508304944376,
    0.012369290934142888,
    0.012556763816757341,
    0.013446167253422443,
    0.012097668936120522,
    0.012561821475278845,
    0.013647980466964025,
    0.013096068894804178,
    0.014432311360759982,
    0.012505465650141365,
    0.013004320680229517,
    0.009791306884937326,
    0.010388734498712011,
    0.01314156619658842,
    0.01395075500995408,
    0.01695764085766317,
    0.013431024932873995,
    0.01664933864250276
  ],
  "rhs_cumulative": [
    0.0,
    3.5313771028695634e-05,
    0.00013998738834873167,
    0.0003085595831156217,
    0.000534905639207275,
    0.0008133383810326909,
    0.0011404153018773145,
    0.0015225391800884704,
    0.0019481970786566067,
    0.0024106695254968767,
    0.0029161317022019313,
    0.0034558367167974455,
    0.004015425995927622,
    0.004596348052586126,
    0.005201468527555146,
    0.005823650631890654,
    0.006454967574614398,
    0.007091436998119549,
    0.007746429471054791,
    0.008400961034951483,
    0.009058765266677739,
    0.009731688534207505,
    0.010408585844531837,
    0.011092894456563319,
    0.011772705955001048,
    0.012444680535739074,
    0.013098845665836887,
    0.013742906445635208,
    0.014370756775142761,
    0.01498996413188602,
    0.015607192392682986,
    0.016198147513761887,
    0.016775735287789226,
    0.017337395744045813,
    0.017877543024196862,
    0.018407391678736954,
    0.01891695575008749,
    0.019397878582571207,
    0.019858161912925203,
    0.020294323269917026,
    0.02069722712587441,
    0.02106458420813164,
    0.021405693123213568,
    0.021717808168198217,
    0.022003166424484584,
    0.02226641673986402,
    0.022505025793909898,
    0.02271623935787231,
    0.022894992187120544,
    0.023039427806611407,
    0.02315624457529506,
    0.023243191289747257,
    0.023296198490390153,
    0.023329198369313225,
    0.02333459782750241,
    0.023305814597748418,
    0.023248243262272296,
    0.023168341963205833,
    0.023066858995856206,
    0.02293764800037641,
    0.02278218850135085,
    0.022601095085694828,
    0.022397112784192433,
    0.022168716808548674,
    0.021913843385101273,
    0.0216396158360435,
    0.021349388240549702,
    0.02104302180468177,
    0.020713700276619174,
    0.02036658923511498,
    0.020009572016092297,
    0.019642809044595352,
    0.01926572790160913,
    0.01887758561928377,
    0.0184857192836302,
    0.018093201851225794,
    0.017685832364072736,
    0.01727014914396142,
    0.0168636335364036,
    0.016476770774383198,
    0.016107380877787895,
    0.015731613974738757,
    0.015349360550935635,
    0.01499264953292743,
    0.014664052091032257,
    0.01434987472240195,
    0.014058115292760295,
    0.01378587354262352,
    0.013553508000344716,
    0.013362856442194546,
    0.013202281096111393,
    0.013096724038970555,
    0.013049614633440097,
    0.013051440541956892,
    0.013107812073066931,
    0.013200259149766356,
    0.013337601380676961,
    0.013590394426074402,
    0.013959972276619775,
    0.014396680747825758,
    0.014928094440535857
  ],
  "schedule": "a3",
  "metadata": {
    "schedule": "a3",
    "seed": 42,
    "num_samples": 2000,
    "num_times": 101,
    "num_seeds": 3,
    "rtol": 1e-06,
    "atol": 1e-08,
    "median_rel_error": 9.421724680802383,
    "max_rel_error": 251.7339363335005,
    "mean_rel_error": 15.930613661956524,
    "accepted": false
  }
}