{
  "t_grid": [
    0.0,
    0.01,
    0.02,
    0.03,
    0.04,
    0.05,
    0.06,
    0.07,
    0.08,
    0.09,
    0.1,
    0.11,
    0.12,
    0.13,
    0.14,
    0.15,
    0.16,
    0.17,
    0.18,
    0.19,
    0.2,
    0.21,
    0.22,
    0.23,
    0.24,
    0.25,
    0.26,
    0.27,
    0.28,
    0.29,
    0.3,
    0.31,
    0.32,
    0.33,
    0.34,
    0.35000000000000003,
    0.36,
    0.37,
    0.38,
    0.39,
    0.4,
    0.41000000000000003,
    0.42,
    0.43,
    0.44,
    0.45,
    0.46,
    0.47000000000000003,
    0.48,
    0.49,
    0.5,
    0.51,
    0.52,
    0.53,
    0.54,
    0.55,
    0.56,
    0.5700000000000001,
    0.58,
    0.59,
    0.6,
    0.61,
    0.62,
    0.63,
    0.64,
    0.65,
    0.66,
    0.67,
    0.68,
    0.6900000000000001,
    0.7000000000000001,
    0.71,
    0.72,
    0.73,
    0.74,
    0.75,
    0.76,
    0.77,
    0.78,
    0.79,
    0.8,
    0.81,
    0.8200000000000001,
    0.8300000000000001,
    0.84,
    0.85,
    0.86,
    0.87,
    0.88,
    0.89,
    0.9,
    0.91,
    0.92,
    0.93,
    0.9400000000000001,
    0.9500000000000001,
    0.96,
    0.97,
    0.98,
    0.99,
    1.0
  ],
  "kl_curve": [
    0.0,
    0.00014015235450971826,
    0.0002405075489787365,
    -2.3789905320895014e-05,
    0.0008782817380422343,
    0.0019521976344296637,
    0.0019698287405926353,
    0.0011470190540198444,
    0.002117115391455869,
    0.003238233966947137,
    0.0018344383586578888,
    0.0035134091080811464,
    0.006307504686546054,
    0.004845265783272335,
    0.005860731743697074,
    0.004574140991222344,
    0.008404476653608257,
    0.009209424714838748,
    0.008873589481998559,
    0.016268986842919993,
    0.010157966779839989,
    0.013146323813696388,
    0.009509119631032747,
    0.008240688781205074,
    0.011702073991593537,
    0.014805197486423739,
    0.017331851317922715,
    0.013356169650606592,
    0.01878031323807924,
    0.01433576033460037,
    0.01963275018123155,
    0.018980103077181096,
    0.015682404833686176,
    0.020604758630428325,
    0.022180162301106924,
    0.016440052470509236,
    0.015685521779368928,
    0.019177594255940737,
    0.021604843814910877,
    0.022248414909655345,
    0.022078538723857153,
    0.024330426329823487,
    0.022775240334813412,
    0.020782228868262573,
    0.0228883408327429,
    0.022542722936626066,
    0.02519629684984417,
    0.02358208607811511,
    0.022654507707924067,
    0.02120003112004319,
    0.02432237856761263,
    0.01911410822884414,
    0.023813415980485142,
    0.022130188767155706,
    0.0226641025707818,
    0.022937195078443523,
    0.024759627715841864,
    0.017716773533147562,
    0.019244670559005552,
    0.02021436049959419,
    0.02004978270010481,
    0.022586198497450343,
    0.017620322295896638,
    0.019128845113629764,
    0.0205667558671536,
    0.01849255159494269,
    0.019789053254966275,
    0.016770618653510667,
    0.013637083510954523,
    0.015722201600361526,
    0.015674832295464788,
    0.017026116437971032,
    0.011802515490634128,
    0.015946986125705446,
    0.012897612472817675,
    0.014454659739083381,
    0.011376449090872424,
    0.012430342025864767,
    0.00902663150576821,
    0.013128595866823042,
    0.010110136943858532,
    0.007841323237130311,
    0.007642184127068098,
    0.008741569968785697,
    0.006611378895235846,
    0.0047677358319223265,
    0.006274650308845123,
    0.00694167383923353,
    0.005710305284738728,
    0.005465746724488904,
    0.00739644661169477,
    0.00470870369456339,
    0.004409879913953321,
    0.0071271408855139405,
    0.006917587177625291,
    0.008478735151028814,
    0.011659024507730048,
    0.010221222502031778,
    0.009517644121981365,
    0.01162062153956652,
    0.01065775625102131
  ],
  "rhs_cumulative": [
    0.0,
    4.107140110510085e-05,
    0.00016184488524262933,
    0.0003586670803056493,
    0.0006227536900448587,
    0.0009442480622006949,
    0.0013214409090731042,
    0.0017570373292771276,
    0.0022428210482476783,
    0.0027663311578964996,
    0.003333997360589495,
    0.0039388552451234595,
    0.004558722284692478,
    0.005202389386478158,
    0.005874891594232416,
    0.006568815555177086,
    0.007270448568723871,
    0.007972092307198829,
    0.00868459503208415,
    0.00938675383743867,
    0.010090367095958147,
    0.010804767526307383,
    0.011518171238512238,
    0.012238957578249237,
    0.012948697623263875,
    0.01363292294233351,
    0.014291626049192756,
    0.014940065220986922,
    0.01557035380210929,
    0.016179854284032503,
    0.01676565240219665,
    0.017319702648905696,
    0.017859478101862017,
    0.018372475612434033,
    0.018849104509604635,
    0.01930015499977242,
    0.01972907736148009,
    0.020127023284310035,
    0.020486138540367363,
    0.02080504064305876,
    0.02109007330534989,
    0.021341890321217284,
    0.02155867655833287,
    0.021742314182568827,
    0.021887761673789526,
    0.021995681022306496,
    0.022064356343420986,
    0.022097861212362818,
    0.022097607018128778,
    0.022060874932948314,
    0.02198747016080774,
    0.0218752220436703,
    0.0217300348874448,
    0.021551380201577104,
    0.021337360233807782,
    0.021093075790941298,
    0.02081894349649791,
    0.020506380734228533,
    0.020158859557142965,
    0.019786164970390246,
    0.019387744252514945,
    0.018968545766586714,
    0.018521557301715494,
    0.01804533752174395,
    0.017552974890524892,
    0.017043651314450278,
    0.016516793355918005,
    0.015976122546830868,
    0.015416025109135862,
    0.014842248733850441,
    0.014265500629365664,
    0.013689722844022714,
    0.013105796296499547,
    0.012525977729550105,
    0.01195465163922405,
    0.011383011602055076,
    0.010814765393818725,
    0.010260965218998833,
    0.009724065131837635,
    0.009216076732448947,
    0.008742134043655092,
    0.008278415703817302,
    0.00783801859617723,
    0.007442081169928982,
    0.007090325500912438,
    0.006772031224036853,
    0.006500236490196663,
    0.006293988209927837,
    0.006151041945258702,
    0.006062613420296156,
    0.00605307857072494,
    0.0061291675746652586,
    0.006278441943519035,
    0.00652872935973186,
    0.006891665377267664,
    0.00735847305735144,
    0.007939963562397885,
    0.008653318202175672,
    0.009484719414369326,
    0.010449639041538122,
    0.011556970681618864
  ],
  "schedule": "a3",
  "metadata": {
    "schedule": "a3",
    "seed": 42,
    "num_samples": 2000,
    "num_times": 101,
    "num_seeds": 3,
    "rtol": 1e-06,
    "atol": 1e-08,
    "median_rel_error": 11.042398604768916,
    "max_rel_error": 1607.6440005443267,
    "mean_rel_error": 30.854370521136264,
    "accepted": false
  }
}