{
  "t_grid": [
    0.0,
    0.01,
    0.02,
    0.03,
    0.04,
    0.05,
    0.06,
    0.07,
    0.08,
    0.09,
    0.1,
    0.11,
    0.12,
    0.13,
    0.14,
    0.15,
    0.16,
    0.17,
    0.18,
    0.19,
    0.2,
    0.21,
    0.22,
    0.23,
    0.24,
    0.25,
    0.26,
    0.27,
    0.28,
    0.29,
    0.3,
    0.31,
    0.32,
    0.33,
    0.34,
    0.35000000000000003,
    0.36,
    0.37,
    0.38,
    0.39,
    0.4,
    0.41000000000000003,
    0.42,
    0.43,
    0.44,
    0.45,
    0.46,
    0.47000000000000003,
    0.48,
    0.49,
    0.5,
    0.51,
    0.52,
    0.53,
    0.54,
    0.55,
    0.56,
    0.5700000000000001,
    0.58,
    0.59,
    0.6,
    0.61,
    0.62,
    0.63,
    0.64,
    0.65,
    0.66,
    0.67,
    0.68,
    0.6900000000000001,
    0.7000000000000001,
    0.71,
    0.72,
    0.73,
    0.74,
    0.75,
    0.76,
    0.77,
    0.78,
    0.79,
    0.8,
    0.81,
    0.8200000000000001,
    0.8300000000000001,
    0.84,
    0.85,
    0.86,
    0.87,
    0.88,
    0.89,
    0.9,
    0.91,
    0.92,
    0.93,
    0.9400000000000001,
    0.9500000000000001,
    0.96,
    0.97,
    0.98,
    0.99,
    1.0
  ],
  "kl_curve": [
    0.0,
    -5.8641008559416715e-05,
    2.012722826928803e-05,
    0.0004860248693181611,
    0.000165828692225538,
    -4.754392255094256e-05,
    0.00028801507166333697,
    0.0017047506642768647,
    0.002123082096595543,
    0.0016556324777891268,
    0.00424048810624848,
    0.004031331799349405,
    0.0026600691499365906,
    0.005757714155087349,
    0.006396501292106249,
    0.010087005362547545,
    0.008884555553731207,
    0.00944163351186209,
    0.0121818911574494,
    0.004758682161569813,
    0.0161207349628182,
    0.015091493448792834,
    0.02490038707872873,
    0.02930235714222268,
    0.027883938246943685,
    0.026722988892073224,
    0.02807425457219519,
    0.03770352784397729,
    0.03357122567660994,
    0.04496789528240545,
    0.03949838926728171,
    0.04569237142792661,
    0.0552724950584361,
    0.05023621429352443,
    0.04907179602278833,
    0.06917163382206916,
    0.07729601538120912,
    0.07167340721705177,
    0.06990439248123101,
    0.07572021288178601,
    0.08124093226933211,
    0.07883523091371257,
    0.08521969064724756,
    0.10079112183386256,
    0.09416831374304556,
    0.1017235974118661,
    0.09858345949432579,
    0.10070748835102454,
    0.10837151098169916,
    0.11727856120138706,
    0.10843218904766755,
    0.13200660659161004,
    0.11491896092150596,
    0.11865816436993665,
    0.12452481572034445,
    0.12102791745832238,
    0.12222726212404693,
    0.13807716129002698,
    0.13035946253668648,
    0.12675239401243674,
    0.13177417012810522,
    0.12289939028062535,
    0.136314323629273,
    0.13393053478481542,
    0.1264468544969997,
    0.12829958402897515,
    0.11861304729868623,
    0.12076858868070668,
    0.14378416174867883,
    0.11973413418056984,
    0.13089559337250797,
    0.1108618244582442,
    0.13048074747494817,
    0.11046159263898149,
    0.12003094310997829,
    0.11174744380987446,
    0.12208270774198893,
    0.1076267248351346,
    0.12116810521401272,
    0.10038438368335177,
    0.10089143258417144,
    0.12417825431290497,
    0.10789140086246178,
    0.10977371797791424,
    0.10777964381391199,
    0.11758811663701933,
    0.10417137269834531,
    0.10028864386484888,
    0.12442596888313621,
    0.1041872409047817,
    0.10826368526043163,
    0.10205521394190238,
    0.11613296903134007,
    0.12107224868736573,
    0.11926695057776458,
    0.09670197172087523,
    0.10967694592517767,
    0.126310226650465,
    0.12424207171374851,
    0.1212692990034735,
    0.1282764623270665
  ],
  "rhs_cumulative": [
    0.0,
    1.8421535788719773e-05,
    7.674950694921715e-05,
    0.00018460455150079671,
    0.00034707607030244977,
    0.0005664080123156736,
    0.0008537425238919975,
    0.0012202872379432845,
    0.0016759967069667344,
    0.0022176172612503164,
    0.002860950718860522,
    0.0036188202889018647,
    0.004476577114923808,
    0.005457058187482285,
    0.006578377939126411,
    0.007855520558450534,
    0.009278784565493053,
    0.010829378094217945,
    0.012523435402575476,
    0.014314560031177228,
    0.01626756243349454,
    0.018413576872533564,
    0.020745157699639364,
    0.023297300803703312,
    0.02599018518000571,
    0.028777728953622097,
    0.03168441966698132,
    0.034762802913490494,
    0.03798132072261608,
    0.0413267750250789,
    0.04475740351546918,
    0.04826692447735405,
    0.0519231748752713,
    0.05563565855026003,
    0.059328942325175944,
    0.06312551763586657,
    0.06709772075733042,
    0.07107254005264907,
    0.07492895148931902,
    0.07872254083087638,
    0.08251443642274812,
    0.08628282845152363,
    0.08997077147061781,
    0.09363483945019505,
    0.09721877501012248,
    0.10064890532016262,
    0.10390521852418218,
    0.10696838063888883,
    0.10990012906233182,
    0.11271938965694836,
    0.11534863151463039,
    0.11779870603367543,
    0.12005708322342334,
    0.12203927082424351,
    0.12383574266843195,
    0.12545072538959168,
    0.12684009235397475,
    0.12802360464601237,
    0.12899144251212652,
    0.12973509814057266,
    0.1302874800530132,
    0.13064812011210555,
    0.13081013323559548,
    0.13079633530000612,
    0.1306126263169152,
    0.13027201639092945,
    0.12978444134812192,
    0.12915367722114773,
    0.12840202847676785,
    0.12754501172132549,
    0.12660504247458473,
    0.1255989748650698,
    0.12452605534427076,
    0.1233955112850332,
    0.12224086555411852,
    0.12108832828017774,
    0.11991717737197723,
    0.11874049243776881,
    0.11759267570875448,
    0.11649821638805932,
    0.11546056287949205,
    0.11445996394944458,
    0.11351569429610535,
    0.11266886841063589,
    0.1119207160768972,
    0.11126611885564458,
    0.11072559321615708,
    0.11030027902676649,
    0.11001533111543925,
    0.1098794085012296,
    0.1098796026215028,
    0.11003235210722427,
    0.11035696145692983,
    0.11085856373742779,
    0.11154323079406782,
    0.11237580362356493,
    0.11337296806478553,
    0.11462927596278043,
    0.11612646194366083,
    0.11780998191660695,
    0.11972073289008685
  ],
  "schedule": "a2",
  "metadata": {
    "schedule": "a2",
    "seed": 42,
    "num_samples": 2000,
    "num_times": 101,
    "num_seeds": 3,
    "rtol": 1e-06,
    "atol": 1e-08,
    "median_rel_error": 6.669757866540708,
    "max_rel_error": 1291.336309512065,
    "mean_rel_error": 30.568438476052386,
    "accepted": false
  }
}