{
  "t_grid": [
    0.0,
    0.01,
    0.02,
    0.03,
    0.04,
    0.05,
    0.06,
    0.07,
    0.08,
    0.09,
    0.1,
    0.11,
    0.12,
    0.13,
    0.14,
    0.15,
    0.16,
    0.17,
    0.18,
    0.19,
    0.2,
    0.21,
    0.22,
    0.23,
    0.24,
    0.25,
    0.26,
    0.27,
    0.28,
    0.29,
    0.3,
    0.31,
    0.32,
    0.33,
    0.34,
    0.35000000000000003,
    0.36,
    0.37,
    0.38,
    0.39,
    0.4,
    0.41000000000000003,
    0.42,
    0.43,
    0.44,
    0.45,
    0.46,
    0.47000000000000003,
    0.48,
    0.49,
    0.5,
    0.51,
    0.52,
    0.53,
    0.54,
    0.55,
    0.56,
    0.5700000000000001,
    0.58,
    0.59,
    0.6,
    0.61,
    0.62,
    0.63,
    0.64,
    0.65,
    0.66,
    0.67,
    0.68,
    0.6900000000000001,
    0.7000000000000001,
    0.71,
    0.72,
    0.73,
    0.74,
    0.75,
    0.76,
    0.77,
    0.78,
    0.79,
    0.8,
    0.81,
    0.8200000000000001,
    0.8300000000000001,
    0.84,
    0.85,
    0.86,
    0.87,
    0.88,
    0.89,
    0.9,
    0.91,
    0.92,
    0.93,
    0.9400000000000001,
    0.9500000000000001,
    0.96,
    0.97,
    0.98,
    0.99,
    1.0
  ],
  "kl_curve": [
    0.0,
    0.00023918424821304827,
    0.00040210447104473715,
    0.00031132629285081105,
    0.0017019196374460633,
    0.0034129284178428983,
    0.0038145475150371776,
    0.0027219831299730803,
    0.004564290623946021,
    0.006289834988371615,
    0.005241376974586171,
    0.007652820909899215,
    0.012066341074051393,
    0.010845848691753548,
    0.013351190488236289,
    0.011957858012552357,
    0.01732640417213435,
    0.019816979368857582,
    0.01970905443382692,
    0.03150906909948311,
    0.023425597724518753,
    0.028421697863818093,
    0.023395680677750986,
    0.02323006637166471,
    0.028889102025402198,
    0.03338558976903212,
    0.038114145039689754,
    0.03355371338923103,
    0.043232073704939894,
    0.03673432033209048,
    0.04479827889350536,
    0.045632684068873025,
    0.04254774964739508,
    0.050506370984605864,
    0.054708394314071124,
    0.044674609502642064,
    0.046551184844933015,
    0.053645082495978325,
    0.05721567359281745,
    0.0568262735634962,
    0.059839464898241664,
    0.06568697442136022,
    0.06438116295514208,
    0.06098159336160778,
    0.06604719082048123,
    0.06627215243855984,
    0.06827934908723428,
    0.07150703362318674,
    0.06944849055797564,
    0.0690338456070614,
    0.07371070101646109,
    0.06532334058298082,
    0.07631769136970278,
    0.07359696882028771,
    0.07501230032569105,
    0.07910770325740864,
    0.07966283503631265,
    0.06927071894928412,
    0.07497044442794408,
    0.07733147920203931,
    0.07689886897638232,
    0.08284029200569747,
    0.07326067440365709,
    0.07473310284797124,
    0.07913552429101862,
    0.0789024715607456,
    0.08171476971033266,
    0.07920094902993875,
    0.06779921655864661,
    0.07727608573681523,
    0.07246752827669282,
    0.08069701567007488,
    0.0713088130105294,
    0.07837640576577094,
    0.07517023464475896,
    0.07853871794354232,
    0.06694562257621563,
    0.0754668931984156,
    0.06884123548506413,
    0.0815107497949114,
    0.07812347564104498,
    0.061155313816667174,
    0.06510731999004109,
    0.06761674401028012,
    0.06423275296682217,
    0.058266865541586534,
    0.06317468496795521,
    0.06232364702991373,
    0.05032172510083963,
    0.058732898674285584,
    0.054723737931069355,
    0.05936657819850453,
    0.04952470158426268,
    0.04514538688474424,
    0.04308080091022228,
    0.051429705404309654,
    0.044477045787632286,
    0.03874593964988404,
    0.04013211258917497,
    0.037751699552611366,
    0.03653705773374196
  ],
  "rhs_cumulative": [
    0.0,
    8.342622671057834e-05,
    0.0003302623950966482,
    0.0007348178002343238,
    0.0012816330292336007,
    0.0019517545413505171,
    0.0027446781613251975,
    0.003669716952644305,
    0.0047113590376939045,
    0.005846609686072943,
    0.007083601927779615,
    0.008412470468934941,
    0.009799080084861597,
    0.01125662270659064,
    0.01278754143057787,
    0.014387992269412793,
    0.016039058129440665,
    0.017714112533251294,
    0.019434298419871533,
    0.021151295341173108,
    0.022897331876843237,
    0.024698929720049532,
    0.026536559622275316,
    0.028428024566076158,
    0.030320982922956534,
    0.032192671713314365,
    0.03404465395959632,
    0.03590688437836194,
    0.03775784015416542,
    0.039598425380847,
    0.041433805286200096,
    0.04323478085482712,
    0.04503286131056528,
    0.04680218268013997,
    0.04851597174794339,
    0.05022799753360007,
    0.05194056145070238,
    0.05359809378180362,
    0.055196291508493686,
    0.0567563458934127,
    0.058273250061408786,
    0.05972848806555958,
    0.06113305526577344,
    0.06250495931285704,
    0.06382824595101033,
    0.06508988932317615,
    0.06629605780254488,
    0.06743974800033647,
    0.06852743705903053,
    0.06956427050819639,
    0.0705366410609734,
    0.07145461577960086,
    0.07230729912804233,
    0.07308318003965586,
    0.07379739650895106,
    0.0744420663190563,
    0.07501713846727229,
    0.07553234014158745,
    0.07597875474976802,
    0.07635085863437811,
    0.07665419187884503,
    0.07688670831870202,
    0.07704915093540614,
    0.07714480245963398,
    0.07717014642219104,
    0.07712206090137637,
    0.07700322663471888,
    0.076813857058367,
    0.0765504939192876,
    0.07621628794542971,
    0.0758136071168449,
    0.07534638880494496,
    0.07480701721352956,
    0.07420255518620351,
    0.07353774499034683,
    0.07280629937606072,
    0.07200325436543774,
    0.07113652564882272,
    0.07020896503212565,
    0.06923167336639928,
    0.06821229983223873,
    0.06710676575810731,
    0.06592724332011475,
    0.06470416374763215,
    0.0634283656236317,
    0.062087384327392386,
    0.060700257273707404,
    0.059280887684165826,
    0.05779212153406382,
    0.05625854342509758,
    0.05470338987379908,
    0.05311867110262156,
    0.05148977843559114,
    0.049798458258504354,
    0.04806632224539535,
    0.046335720802797464,
    0.04459932325110337,
    0.04281021600133995,
    0.040997062276958075,
    0.03917831878036595,
    0.037347862114800505
  ],
  "schedule": "a3",
  "metadata": {
    "schedule": "a3",
    "seed": 42,
    "num_samples": 2000,
    "num_times": 101,
    "num_seeds": 3,
    "rtol": 1e-06,
    "atol": 1e-08,
    "median_rel_error": 5.687951823429312,
    "max_rel_error": 136.0281855752067,
    "mean_rel_error": 9.708795847231771,
    "accepted": false
  }
}