{
  "t_grid": [
    0.0,
    0.01,
    0.02,
    0.03,
    0.04,
    0.05,
    0.06,
    0.07,
    0.08,
    0.09,
    0.1,
    0.11,
    0.12,
    0.13,
    0.14,
    0.15,
    0.16,
    0.17,
    0.18,
    0.19,
    0.2,
    0.21,
    0.22,
    0.23,
    0.24,
    0.25,
    0.26,
    0.27,
    0.28,
    0.29,
    0.3,
    0.31,
    0.32,
    0.33,
    0.34,
    0.35000000000000003,
    0.36,
    0.37,
    0.38,
    0.39,
    0.4,
    0.41000000000000003,
    0.42,
    0.43,
    0.44,
    0.45,
    0.46,
    0.47000000000000003,
    0.48,
    0.49,
    0.5,
    0.51,
    0.52,
    0.53,
    0.54,
    0.55,
    0.56,
    0.5700000000000001,
    0.58,
    0.59,
    0.6,
    0.61,
    0.62,
    0.63,
    0.64,
    0.65,
    0.66,
    0.67,
    0.68,
    0.6900000000000001,
    0.7000000000000001,
    0.71,
    0.72,
    0.73,
    0.74,
    0.75,
    0.76,
    0.77,
    0.78,
    0.79,
    0.8,
    0.81,
    0.8200000000000001,
    0.8300000000000001,
    0.84,
    0.85,
    0.86,
    0.87,
    0.88,
    0.89,
    0.9,
    0.91,
    0.92,
    0.93,
    0.9400000000000001,
    0.9500000000000001,
    0.96,
    0.97,
    0.98,
    0.99,
    1.0
  ],
  "kl_curve": [
    0.0,
    0.00012826290677191423,
    0.0003148018366191654,
    3.763764044224416e-05,
    0.0008718225453244213,
    0.0020060503662836294,
    0.0021753641248112945,
    0.0013590132403806972,
    0.0019447322336469848,
    0.003265735370268132,
    0.002185987725410992,
    0.003331994056877263,
    0.005782411124235221,
    0.004337883619484843,
    0.005085947425643632,
    0.004225107163587894,
    0.005904295779313665,
    0.007368736601674898,
    0.007027172172200009,
    0.01427999189815557,
    0.009307616839655636,
    0.010404621437974682,
    0.006835825964106881,
    0.006284766129071713,
    0.009692033478031452,
    0.01265768434514942,
    0.012598858714814372,
    0.011218356115678882,
    0.014428802430870741,
    0.01227047854508134,
    0.016796885919331078,
    0.015013800333729621,
    0.01291948174993871,
    0.01743547745388594,
    0.021223730188667023,
    0.013496808656774403,
    0.014860965384200698,
    0.018973074658091126,
    0.022019649072546218,
    0.0220566709129221,
    0.021855101495284895,
    0.025195031405166362,
    0.027564448056001847,
    0.024287082548688218,
    0.027765654349140436,
    0.027937801373171135,
    0.031129491954837604,
    0.03364656478439305,
    0.035530161909148594,
    0.03541657664960293,
    0.04214288563419925,
    0.03806142278403515,
    0.04707549511720135,
    0.04668360126706065,
    0.0503887491475522,
    0.0560405437488228,
    0.0573511810148131,
    0.05189882560552514,
    0.06003107433412902,
    0.06756632486117696,
    0.0684521454253604,
    0.07768015098134737,
    0.07312956446246678,
    0.0819716021950257,
    0.089062172806657,
    0.09294556279280736,
    0.10164162027802481,
    0.10712274087526523,
    0.0988638751393675,
    0.11543885730983339,
    0.11642248929903602,
    0.1339667698966103,
    0.12701713115650679,
    0.14497027821425287,
    0.14704329274404238,
    0.15733017482728293,
    0.15111348506348357,
    0.1718336620635724,
    0.16707773723446762,
    0.19883883888581674,
    0.20098800791796054,
    0.1849317241085208,
    0.19973076721845404,
    0.211078473289094,
    0.21726171151876772,
    0.2150213821356688,
    0.23272357790111406,
    0.24273026028475939,
    0.2281384132830037,
    0.2551376101920217,
    0.2567286297330024,
    0.2742277875004463,
    0.265820818901154,
    0.2679821648714901,
    0.2719933018420769,
    0.29928869862691576,
    0.2955306508677106,
    0.2922268953451943,
    0.3029705740669482,
    0.3083293739552137,
    0.31406317814532986
  ],
  "rhs_cumulative": [
    0.0,
    4.401336257832862e-05,
    0.00016942749966801306,
    0.0003696306900696665,
    0.0006331624512703076,
    0.000941450042931302,
    0.0012915097398538467,
    0.0016810046067365983,
    0.002103456719449483,
    0.002545181575099606,
    0.003001422931703711,
    0.0034738904394070146,
    0.003950519108168962,
    0.0044342953844998785,
    0.004927460276884527,
    0.005428910759678784,
    0.0059346205468432806,
    0.006434974307903894,
    0.006928400535983723,
    0.007401974078663962,
    0.007870947294494992,
    0.008350400741080273,
    0.008840372027644825,
    0.009346291903452795,
    0.009851678451306108,
    0.01034952871686995,
    0.010857364475140897,
    0.011379522914182618,
    0.011917803068553034,
    0.012473042338743683,
    0.013038253556586665,
    0.013635401853102485,
    0.014275326810817557,
    0.014942942964099854,
    0.015629242034976464,
    0.016369133923900884,
    0.01718267052639348,
    0.018038344414491123,
    0.01892370639204202,
    0.019858120829095785,
    0.020866839984180003,
    0.02196875293017011,
    0.023138613659290826,
    0.02439210619769399,
    0.025758998120147224,
    0.02721390844593158,
    0.028741217259821473,
    0.030363269626870415,
    0.03211095133006817,
    0.03400296426866006,
    0.036018753097073114,
    0.03815945947973597,
    0.04043661268575762,
    0.04283392674509073,
    0.045405641995177375,
    0.04815041148191683,
    0.05105877224883087,
    0.05417887154160454,
    0.057470105614902976,
    0.06089503906218232,
    0.06452001000752167,
    0.06834155743248883,
    0.07236155047384857,
    0.07658121782874018,
    0.08094254544714487,
    0.08549098889989515,
    0.09020453587095664,
    0.09508187562373709,
    0.10023627213952536,
    0.10556291227584434,
    0.1110168481968724,
    0.11660001481123143,
    0.12235647425880308,
    0.12828098365287272,
    0.13429292725125744,
    0.1404182307300152,
    0.14668032314484938,
    0.15303819151831205,
    0.15950364702740313,
    0.1659834323160516,
    0.17242769923400703,
    0.1790635855158639,
    0.18579165617266813,
    0.19248376540721843,
    0.1991750477241875,
    0.20590253050824595,
    0.2125830904128039,
    0.21913579238898567,
    0.22572881996890146,
    0.2322424108366669,
    0.23858322041967248,
    0.2448307268318698,
    0.25099289550762865,
    0.2570984171263507,
    0.2630947570206443,
    0.2688540087221985,
    0.2743584731389996,
    0.2797881889356424,
    0.2851009583458985,
    0.2902060435060274,
    0.2951117430351352
  ],
  "schedule": "a2",
  "metadata": {
    "schedule": "a2",
    "seed": 42,
    "num_samples": 2000,
    "num_times": 101,
    "num_seeds": 3,
    "rtol": 1e-06,
    "atol": 1e-08,
    "median_rel_error": 9.180876593452902,
    "max_rel_error": 882.0772124035605,
    "mean_rel_error": 21.05323001555827,
    "accepted": false
  }
}