{
  "t_grid": [
    0.0,
    0.01,
    0.02,
    0.03,
    0.04,
    0.05,
    0.06,
    0.07,
    0.08,
    0.09,
    0.1,
    0.11,
    0.12,
    0.13,
    0.14,
    0.15,
    0.16,
    0.17,
    0.18,
    0.19,
    0.2,
    0.21,
    0.22,
    0.23,
    0.24,
    0.25,
    0.26,
    0.27,
    0.28,
    0.29,
    0.3,
    0.31,
    0.32,
    0.33,
    0.34,
    0.35000000000000003,
    0.36,
    0.37,
    0.38,
    0.39,
    0.4,
    0.41000000000000003,
    0.42,
    0.43,
    0.44,
    0.45,
    0.46,
    0.47000000000000003,
    0.48,
    0.49,
    0.5,
    0.51,
    0.52,
    0.53,
    0.54,
    0.55,
    0.56,
    0.5700000000000001,
    0.58,
    0.59,
    0.6,
    0.61,
    0.62,
    0.63,
    0.64,
    0.65,
    0.66,
    0.67,
    0.68,
    0.6900000000000001,
    0.7000000000000001,
    0.71,
    0.72,
    0.73,
    0.74,
    0.75,
    0.76,
    0.77,
    0.78,
    0.79,
    0.8,
    0.81,
    0.8200000000000001,
    0.8300000000000001,
    0.84,
    0.85,
    0.86,
    0.87,
    0.88,
    0.89,
    0.9,
    0.91,
    0.92,
    0.93,
    0.9400000000000001,
    0.9500000000000001,
    0.96,
    0.97,
    0.98,
    0.99,
    1.0
  ],
  "kl_curve": [
    0.0,
    -3.018115118730195e-05,
    -1.608448277639044e-05,
    0.0002091654997686078,
    2.221606088631737e-05,
    -6.515419141619693e-05,
    -3.624997088402788e-05,
    0.000637674214853025,
    0.0010040796768909666,
    0.0004600376966351716,
    0.002104262324787775,
    0.0018609326889378792,
    0.0008931023120264748,
    0.0030119252202213,
    0.0034653600492162025,
    0.0062003171686432,
    0.0054649874745635214,
    0.005890041322289389,
    0.008144393821351957,
    0.0021720318604182116,
    0.011906937047146916,
    0.011369163904824349,
    0.02055769126619634,
    0.02520844071499823,
    0.024737033356194912,
    0.024534745403733998,
    0.026923040668258836,
    0.03774923442079365,
    0.0350784928999889,
    0.04870653486023812,
    0.04503638587713279,
    0.054031593146942135,
    0.0674600956723344,
    0.06491545563337571,
    0.0671157045952623,
    0.09495099728459587,
    0.1091903015748993,
    0.10749984645071055,
    0.11103110167157111,
    0.12473535629649418,
    0.13843776401464944,
    0.14289070321146033,
    0.15986211420170096,
    0.19047960211220946,
    0.19187370300203588,
    0.21293180952719357,
    0.2200039927159613,
    0.23550681244572894,
    0.26174905838330215,
    0.2907709553901547,
    0.29248048512013997,
    0.34888487368965637,
    0.33601523882156564,
    0.36202139226793834,
    0.39249333428148026,
    0.40606777135856387,
    0.429117133950429,
    0.489005615399692,
    0.49582193988325746,
    0.5138838603372295,
    0.550699577835267,
    0.5553612650858326,
    0.6198976248289675,
    0.6434432656220759,
    0.652194963068792,
    0.6891129330213142,
    0.6935646788052402,
    0.7395544635555272,
    0.8371020088544402,
    0.8021388423919523,
    0.8683237576139193,
    0.8421223361758452,
    0.9408282750899319,
    0.9074217271169808,
    0.9704729961099696,
    0.9736168012309948,
    1.0534784521463554,
    1.0328053974154459,
    1.114814689940811,
    1.0613867715352643,
    1.0994862247393116,
    1.2300589999864124,
    1.2025182922691717,
    1.2313483899408526,
    1.261777156913341,
    1.3282080555123112,
    1.2892421224490163,
    1.2991319194146718,
    1.4295865339350142,
    1.3480015920357458,
    1.38718674796495,
    1.3699083971640944,
    1.4595364112321676,
    1.4918860759118866,
    1.5052576759831886,
    1.386525068726013,
    1.4418794596083286,
    1.5357023644245278,
    1.5083825163397941,
    1.5015159404397422,
    1.5192164786190518
  ],
  "rhs_cumulative": [
    0.0,
    3.5227710503282615e-06,
    1.593114347600211e-05,
    4.275138625017961e-05,
    8.913618697949558e-05,
    0.0001599393102868814,
    0.00026400398241362643,
    0.0004108007432027163,
    0.0006123914780314632,
    0.0008735431181825398,
    0.0012104780798551397,
    0.0016399755126811565,
    0.0021624732150596036,
    0.0028029530439541463,
    0.003585392390678904,
    0.004535598940085634,
    0.005659346317687818,
    0.006956004647016304,
    0.008452816709504775,
    0.010121807967813326,
    0.012045510925220151,
    0.014272087825509937,
    0.016823287899225034,
    0.019763983711009358,
    0.02303138833951419,
    0.0265951710319558,
    0.0305113558395346,
    0.03488525768287209,
    0.03970480037363326,
    0.04499492515367405,
    0.05073277719371083,
    0.05694368246981667,
    0.06379136114511551,
    0.07116340971038616,
    0.0789629869549992,
    0.08750024941797928,
    0.09696846893854895,
    0.10705492243968431,
    0.11756935219791896,
    0.12869517520551574,
    0.14061718550375435,
    0.15331625721810582,
    0.16673998528667577,
    0.18115480165384798,
    0.19643070692298123,
    0.2123956502748278,
    0.22902824480712292,
    0.2463137513267191,
    0.26455697518196786,
    0.2839168013153664,
    0.3040496839912581,
    0.3251822528764153,
    0.3471650221944147,
    0.36951403054278087,
    0.3928305496270991,
    0.4170715045869159,
    0.4419574045290393,
    0.4678658813957875,
    0.4945819807318069,
    0.5217145717548068,
    0.5496080261039341,
    0.5780566293610364,
    0.6071649087051244,
    0.6371055470286004,
    0.6672805696338504,
    0.6977901554288762,
    0.7284678100002991,
    0.7593712450023345,
    0.7914385572414353,
    0.8236379599364476,
    0.8556651230518156,
    0.8876262306486056,
    0.9196886276398637,
    0.9516680971058081,
    0.9831844314881492,
    1.0145767705928261,
    1.045640820827715,
    1.0762379118021481,
    1.1064739968922856,
    1.1361210144173244,
    1.164700300918001,
    1.193100406842231,
    1.220783051850408,
    1.247309379700691,
    1.2729935264935992,
    1.2977520523604733,
    1.3211701691027211,
    1.3428938012167722,
    1.3637576089417212,
    1.3832720956626923,
    1.4009113890376748,
    1.4170629148522238,
    1.4317910381411623,
    1.4450699769050137,
    1.4566222451400221,
    1.4660323354286344,
    1.4733674111065704,
    1.4792289791434248,
    1.4834289211242608,
    1.485596904438103,
    1.4858480989352865
  ],
  "schedule": "a1",
  "metadata": {
    "schedule": "a1",
    "seed": 42,
    "num_samples": 2000,
    "num_times": 101,
    "num_seeds": 3,
    "rtol": 1e-06,
    "atol": 1e-08,
    "median_rel_error": 4.086594745079344,
    "max_rel_error": 828.2874329974961,
    "mean_rel_error": 30.046489127344923,
    "accepted": false
  }
}