{
  "t_grid": [
    0.0,
    0.01,
    0.02,
    0.03,
    0.04,
    0.05,
    0.06,
    0.07,
    0.08,
    0.09,
    0.1,
    0.11,
    0.12,
    0.13,
    0.14,
    0.15,
    0.16,
    0.17,
    0.18,
    0.19,
    0.2,
    0.21,
    0.22,
    0.23,
    0.24,
    0.25,
    0.26,
    0.27,
    0.28,
    0.29,
    0.3,
    0.31,
    0.32,
    0.33,
    0.34,
    0.35000000000000003,
    0.36,
    0.37,
    0.38,
    0.39,
    0.4,
    0.41000000000000003,
    0.42,
    0.43,
    0.44,
    0.45,
    0.46,
    0.47000000000000003,
    0.48,
    0.49,
    0.5,
    0.51,
    0.52,
    0.53,
    0.54,
    0.55,
    0.56,
    0.5700000000000001,
    0.58,
    0.59,
    0.6,
    0.61,
    0.62,
    0.63,
    0.64,
    0.65,
    0.66,
    0.67,
    0.68,
    0.6900000000000001,
    0.7000000000000001,
    0.71,
    0.72,
    0.73,
    0.74,
    0.75,
    0.76,
    0.77,
    0.78,
    0.79,
    0.8,
    0.81,
    0.8200000000000001,
    0.8300000000000001,
    0.84,
    0.85,
    0.86,
    0.87,
    0.88,
    0.89,
    0.9,
    0.91,
    0.92,
    0.93,
    0.9400000000000001,
    0.9500000000000001,
    0.96,
    0.97,
    0.98,
    0.99,
    1.0
  ],
  "kl_curve": [
    0.0,
    0.0005128281644896824,
    0.001308908252398642,
    0.0015733115269427457,
    0.004865485158818028,
    0.009001837109671588,
    0.011081890939128008,
    0.010776204280519284,
    0.015410519167498367,
    0.020804576790385703,
    0.020721776711208225,
    0.027117985107590812,
    0.03759003359200844,
    0.03781792402977671,
    0.044402579388507814,
    0.045504970243260286,
    0.05714520602664422,
    0.06510504479147357,
    0.068490706145497,
    0.09324571483812194,
    0.08297456644101894,
    0.09452854544144756,
    0.08968726956263125,
    0.0935193460089085,
    0.10800575175866789,
    0.12085012911965032,
    0.13220992826040737,
    0.1295770073428798,
    0.15043827239047708,
    0.14420143048279976,
    0.1644531717342964,
    0.16926765689894277,
    0.1688114909935724,
    0.18804585639798976,
    0.20140064686875478,
    0.18815969146630107,
    0.19636873308474231,
    0.2146793007065192,
    0.2272104892082137,
    0.232925531396454,
    0.24174534779504,
    0.25849781571880753,
    0.2629833387426998,
    0.26229531431437564,
    0.277096857158781,
    0.282344652615988,
    0.29253621430303756,
    0.30402552217942636,
    0.30849252104843145,
    0.3130307005761717,
    0.3290903345589203,
    0.32021774940066194,
    0.34619053738837513,
    0.346142982576219,
    0.35672114853757964,
    0.37041560916838767,
    0.37801539460300354,
    0.3638197339353148,
    0.38043031789022114,
    0.39336781490493505,
    0.3984259812331364,
    0.41709589328745333,
    0.4048822741625095,
    0.4170676670764811,
    0.43045370273205913,
    0.43660094301768143,
    0.4486859663853946,
    0.4526342006113931,
    0.436472736598186,
    0.4613317600306767,
    0.459262841750464,
    0.483674654437841,
    0.469266117210658,
    0.4948274946717515,
    0.49243783285770487,
    0.5057660201706359,
    0.48931148035115485,
    0.5157185115714275,
    0.505394633564418,
    0.5440613258412824,
    0.542886301435276,
    0.5135209646422002,
    0.5286729743755073,
    0.5400521360623056,
    0.5413226280688518,
    0.5335054327314576,
    0.5523438400610979,
    0.5592381184808741,
    0.5355273474362311,
    0.5643690593920788,
    0.5622540205649861,
    0.5796837665273432,
    0.562552374704604,
    0.5600523890866127,
    0.5600339130311891,
    0.5904663763379969,
    0.579580614591184,
    0.5708106171906009,
    0.580594314909835,
    0.5819316143987643,
    0.5839800906493015
  ],
  "rhs_cumulative": [
    0.0,
    0.00026731543747876747,
    0.0010561631836659084,
    0.002360287613402182,
    0.004139414785139081,
    0.006326813971142077,
    0.008930165236013867,
    0.011979168518398371,
    0.015439715587395894,
    0.01923644737904281,
    0.023395483271176534,
    0.02790601270195417,
    0.03265431517313932,
    0.037696265281018757,
    0.04305778941068701,
    0.048725620174982574,
    0.054635830177431476,
    0.06070272982421997,
    0.0669821292994619,
    0.07329684498964827,
    0.07978273656928012,
    0.08656351020804526,
    0.09357786952008508,
    0.1008931171407554,
    0.10830620722869215,
    0.11570612919842174,
    0.12315101536395795,
    0.13076204785525924,
    0.13845741657501065,
    0.14623780647207554,
    0.15408039096932216,
    0.16194180340625175,
    0.1699750310760355,
    0.17803195131963379,
    0.18598173216026906,
    0.19409340779415568,
    0.20242002211858082,
    0.2106855442415216,
    0.2188276468480776,
    0.2269449255557901,
    0.23508960939405973,
    0.24321367028272955,
    0.25128832478146096,
    0.2594118810680984,
    0.2675582918089729,
    0.2756462582299006,
    0.2836626523100819,
    0.29159286163894865,
    0.29949602770471573,
    0.3074085908756055,
    0.31524235103090514,
    0.3230436538189653,
    0.33077040970106,
    0.33835708433264094,
    0.3459109018114208,
    0.35336705848969524,
    0.3607214990047379,
    0.36810992056499664,
    0.3754542039526269,
    0.3826172814424072,
    0.3896902382619592,
    0.39664850403428503,
    0.4035414072197146,
    0.41038315596631647,
    0.4170482912082505,
    0.4235901837733855,
    0.43000325891319585,
    0.4362859651216137,
    0.44256887127315814,
    0.4487475786767666,
    0.45476044841605856,
    0.46061330761351904,
    0.46635444668058285,
    0.47199099938748307,
    0.47745586408736573,
    0.4827892295090834,
    0.4880282328649377,
    0.49313339464584055,
    0.4981047641943088,
    0.5028899328978794,
    0.507459457158331,
    0.5120068696044868,
    0.5164703187999109,
    0.5207568795968076,
    0.5248941589577758,
    0.5289191509806895,
    0.5327965521900846,
    0.5364808076483817,
    0.5400777399949521,
    0.5435269212810366,
    0.5467813751922707,
    0.5498947777098472,
    0.552865863165214,
    0.5557172953530082,
    0.5584338575537535,
    0.5609687258055551,
    0.5633123494313992,
    0.5655395736459731,
    0.5676441306880867,
    0.5695882782443507,
    0.5713677598610377
  ],
  "schedule": "a3",
  "metadata": {
    "schedule": "a3",
    "seed": 42,
    "num_samples": 2000,
    "num_times": 101,
    "num_seeds": 3,
    "rtol": 1e-06,
    "atol": 1e-08,
    "median_rel_error": 3.114251646280528,
    "max_rel_error": 50.0203597941398,
    "mean_rel_error": 5.2879463895475585,
    "accepted": false
  }
}