{
  "t_grid": [
    0.0,
    0.01,
    0.02,
    0.03,
    0.04,
    0.05,
    0.06,
    0.07,
    0.08,
    0.09,
    0.1,
    0.11,
    0.12,
    0.13,
    0.14,
    0.15,
    0.16,
    0.17,
    0.18,
    0.19,
    0.2,
    0.21,
    0.22,
    0.23,
    0.24,
    0.25,
    0.26,
    0.27,
    0.28,
    0.29,
    0.3,
    0.31,
    0.32,
    0.33,
    0.34,
    0.35000000000000003,
    0.36,
    0.37,
    0.38,
    0.39,
    0.4,
    0.41000000000000003,
    0.42,
    0.43,
    0.44,
    0.45,
    0.46,
    0.47000000000000003,
    0.48,
    0.49,
    0.5,
    0.51,
    0.52,
    0.53,
    0.54,
    0.55,
    0.56,
    0.5700000000000001,
    0.58,
    0.59,
    0.6,
    0.61,
    0.62,
    0.63,
    0.64,
    0.65,
    0.66,
    0.67,
    0.68,
    0.6900000000000001,
    0.7000000000000001,
    0.71,
    0.72,
    0.73,
    0.74,
    0.75,
    0.76,
    0.77,
    0.78,
    0.79,
    0.8,
    0.81,
    0.8200000000000001,
    0.8300000000000001,
    0.84,
    0.85,
    0.86,
    0.87,
    0.88,
    0.89,
    0.9,
    0.91,
    0.92,
    0.93,
    0.9400000000000001,
    0.9500000000000001,
    0.96,
    0.97,
    0.98,
    0.99,
    1.0
  ],
  "kl_curve": [
    0.0,
    4.530639089356266e-05,
    1.445445996527495e-05,
    -2.5309317987036213e-05,
    0.00011041592545945181,
    0.00027429462017153003,
    0.00019057359697956578,
    -6.415143362457021e-05,
    -1.3635909240338937e-05,
    -9.421529833185132e-05,
    8.727501081327204e-05,
    0.00012294422160013393,
    -0.00015522796147306915,
    3.449231152753729e-05,
    0.00032480012350223267,
    0.0006864291199961155,
    0.00024120227966460757,
    0.00036583029750429874,
    0.0008915707800389257,
    -0.001230160687550361,
    0.001871353237722352,
    0.0014290781472415463,
    0.004379702988090608,
    0.0063639684713046605,
    0.0059290558242223205,
    0.00566380478219976,
    0.0055885602136678736,
    0.010888941775576226,
    0.008035693045107777,
    0.01561841468433775,
    0.012639721114766364,
    0.016575530371400745,
    0.023329823740446273,
    0.021469516654314163,
    0.023045177621904975,
    0.03691411889833072,
    0.042836602470568454,
    0.04157201009481848,
    0.043541470189391286,
    0.04948577957384243,
    0.056117908101779516,
    0.05671719743809426,
    0.06668262901129954,
    0.0799878951242758,
    0.08252435422092085,
    0.09298072363551067,
    0.09812598573546007,
    0.10563428900489907,
    0.11886214225888676,
    0.1332160935139519,
    0.13556822805113022,
    0.16421905794786354,
    0.1566922462788317,
    0.1764660173312509,
    0.1859816099866687,
    0.19305413770269186,
    0.20293533617940565,
    0.24521440632952682,
    0.24870173615198907,
    0.25686092859013804,
    0.27335837327645685,
    0.27196231665233866,
    0.3155605082511917,
    0.3239163563443607,
    0.3297760269146972,
    0.3476017401722126,
    0.35447152703571,
    0.38017591069045226,
    0.43249715853780474,
    0.41836870256286823,
    0.4490714437258723,
    0.4341623106318349,
    0.4892227238590387,
    0.4648469888250583,
    0.4991357533553618,
    0.49702999259742814,
    0.5551601704011196,
    0.5322457134210797,
    0.5781471075538831,
    0.5270130333521673,
    0.5524886893339144,
    0.6346600462060651,
    0.6271885136879792,
    0.6248843270811163,
    0.6467253579598818,
    0.6834247836230617,
    0.6573662012553241,
    0.6612929894825587,
    0.7296822074602156,
    0.681845576625102,
    0.6980964811584398,
    0.6777076722433121,
    0.729954680015295,
    0.7441920589193876,
    0.7550970674984666,
    0.6863387530816256,
    0.7157173796685679,
    0.7473962815468544,
    0.7244427965186141,
    0.7265567176476019,
    0.7267568538184981
  ],
  "rhs_cumulative": [
    0.0,
    3.788778139173804e-06,
    1.2845174393191724e-05,
    2.3069049582384983e-05,
    3.132245842666163e-05,
    3.5749151333289486e-05,
    3.593683283059479e-05,
    3.243046269152461e-05,
    2.6934077827094243e-05,
    2.2379795740533657e-05,
    2.308805943615091e-05,
    3.425285015656821e-05,
    6.090143575615683e-05,
    0.00011064376053471241,
    0.0001930617520083877,
    0.00031718265912316203,
    0.0004904255269601957,
    0.0007228066286738405,
    0.0010297938181207558,
    0.0014134744476902187,
    0.0018969634018055888,
    0.002500969356233937,
    0.0032385343199350723,
    0.004135880604705298,
    0.005192066910521682,
    0.00640901825086564,
    0.007800208347245631,
    0.009414228158697318,
    0.011247154057953405,
    0.013331958944101188,
    0.01568010992331058,
    0.01827776066464481,
    0.02120878658923109,
    0.024446371764211328,
    0.02796353005237442,
    0.03188955904038447,
    0.03626752381319187,
    0.040994840455131576,
    0.046051978109676525,
    0.05149735927914876,
    0.057377703091700996,
    0.06365095359375281,
    0.07034986749094854,
    0.07758797033992612,
    0.08529836557670054,
    0.09346601667453942,
    0.10211399873378611,
    0.11120553937674695,
    0.12080112124204911,
    0.13094971681649462,
    0.14155042959129926,
    0.15272451069469303,
    0.16437512589396733,
    0.17641660983516128,
    0.1889590984433436,
    0.20187070254294884,
    0.21515197512665601,
    0.22907965386904894,
    0.24357437882998073,
    0.2583085078458515,
    0.27336001138565175,
    0.2886287482770254,
    0.30430616725850995,
    0.3204160327251667,
    0.3366277956136104,
    0.35299267169204657,
    0.3694797851655147,
    0.38610320820208693,
    0.40313682221205005,
    0.42026044724431355,
    0.43726150352649157,
    0.4540965981326992,
    0.4708829638502715,
    0.4875248717895996,
    0.5038335915876706,
    0.5199110860986007,
    0.53583720390126,
    0.5514510381291081,
    0.5666281622054803,
    0.5811813086319312,
    0.5949595388039909,
    0.6085695745716457,
    0.6218022824634991,
    0.6342312870474682,
    0.6459363120071797,
    0.6570322929778145,
    0.6673081880780717,
    0.6766157994547969,
    0.6851983834210915,
    0.6928991456559902,
    0.6995520349232406,
    0.7052310945947945,
    0.7099553941655827,
    0.7137336142214048,
    0.7164803426779973,
    0.7181418979901023,
    0.7187159378971523,
    0.718226246349749,
    0.7166686992302258,
    0.714048938729527,
    0.7103676799439159
  ],
  "schedule": "a1",
  "metadata": {
    "schedule": "a1",
    "seed": 42,
    "num_samples": 2000,
    "num_times": 101,
    "num_seeds": 3,
    "rtol": 1e-06,
    "atol": 1e-08,
    "median_rel_error": 4.633738771952219,
    "max_rel_error": 297.5231526726175,
    "mean_rel_error": 27.047002706620287,
    "accepted": false
  }
}