{
  "epoch": 0,
  "val_mse": 0.10658353971767495,
  "nmse": 0.9171453010651032,
  "schedule": "a2",
  "seed": 42,
  "train_params": {
    "lr": 0.001,
    "wd": 1e-06,
    "epochs": 400,
    "batch_size": 4,
    "num_batches_per_epoch": 2
  },
  "timestamp": "2025-10-31T03-16-54",
  "git_sha": "724cdd5"
}