{
  "epoch": 399,
  "val_mse": 0.03586433595082462,
  "nmse": 0.3553648843399971,
  "schedule": "a2",
  "seed": 42,
  "train_params": {
    "lr": 0.001,
    "wd": 1e-06,
    "epochs": 400,
    "batch_size": 4,
    "num_batches_per_epoch": 2
  },
  "timestamp": "2025-10-31T03-17-06",
  "git_sha": "724cdd5"
}