{
  "epoch": 249,
  "val_mse": 0.03776150462530752,
  "nmse": 0.4205041685882475,
  "schedule": "a2",
  "seed": 42,
  "train_params": {
    "lr": 0.001,
    "wd": 1e-06,
    "epochs": 400,
    "batch_size": 4,
    "num_batches_per_epoch": 2
  },
  "timestamp": "2025-10-31T03-17-02",
  "git_sha": "724cdd5"
}