{
  "epoch": 164,
  "val_mse": 0.03978339629238649,
  "nmse": 0.5088690247553092,
  "schedule": "a2",
  "seed": 42,
  "train_params": {
    "lr": 0.001,
    "wd": 1e-06,
    "epochs": 400,
    "batch_size": 4,
    "num_batches_per_epoch": 2
  },
  "timestamp": "2025-10-31T03-16-59",
  "git_sha": "724cdd5"
}