{
  "args": {
    "schedule": "a1",
    "epochs": 400,
    "lr": 0.001,
    "batch_size": 4,
    "batches_per_epoch": 2,
    "val_times": 64,
    "val_samples_per_time": 2048,
    "save_epochs": [
      10,
      20,
      40,
      80,
      160,
      320
    ],
    "eval_checkpoints": "final,best",
    "eval_val_times": 101,
    "eval_val_samples_per_time": 1024,
    "eval_K_S": 101,
    "eval_N_S": 512,
    "eval_N_kl": 5000,
    "eval_rtol": 1e-06,
    "eval_atol": 1e-08,
    "eval_chunk_size": 1024,
    "tight_eval": false,
    "seed": 42,
    "eval_seed": 12345,
    "device": "cpu",
    "outdir": "data/part-2-learn",
    "eval_only": false
  },
  "results": [
    {
      "epoch": 234,
      "ckpt_path": "data\\part-2-learn\\a1\\checkpoints\\final.pt",
      "val_mse_train": 0.18219823484499414,
      "eps_eval": 0.44317872174683426,
      "S_eval": 0.027782152372253996,
      "KL_eval": 0.018594296798167927,
      "kl_hat": 0.018594296798167927,
      "rhs": 0.07386893624373055,
      "RHS": 0.07386893624373055,
      "ratio": 0.2517201105592755,
      "bound_satisfied": true,
      "eval_params": {
        "eval_val_times": 101,
        "eval_val_samples_per_time": 1024,
        "eval_K_S": 101,
        "eval_N_S": 512,
        "eval_N_kl": 5000,
        "eval_rtol": 1e-06,
        "eval_atol": 1e-08,
        "eval_chunk_size": 1024
      },
      "train_params": {
        "lr": 0.001,
        "wd": 1e-06,
        "epochs": 400,
        "batch_size": 4,
        "num_batches_per_epoch": 2
      },
      "seeds": {
        "training": 42,
        "eval": 12345
      }
    },
    {
      "epoch": 134,
      "ckpt_path": "data\\part-2-learn\\a1\\checkpoints\\best.pt",
      "val_mse_train": 0.15646632438378388,
      "eps_eval": 0.43882946936473016,
      "S_eval": 0.020055234960997037,
      "KL_eval": 0.009222400112739441,
      "kl_hat": 0.009222400112739441,
      "rhs": 0.0621454964746366,
      "RHS": 0.0621454964746366,
      "ratio": 0.14840013574440383,
      "bound_satisfied": true,
      "eval_params": {
        "eval_val_times": 101,
        "eval_val_samples_per_time": 1024,
        "eval_K_S": 101,
        "eval_N_S": 512,
        "eval_N_kl": 5000,
        "eval_rtol": 1e-06,
        "eval_atol": 1e-08,
        "eval_chunk_size": 1024
      },
      "train_params": {
        "lr": 0.001,
        "wd": 1e-06,
        "epochs": 400,
        "batch_size": 4,
        "num_batches_per_epoch": 2
      },
      "seeds": {
        "training": 42,
        "eval": 12345
      }
    }
  ]
}