{
  "args": {
    "schedule": "a1",
    "epochs": 400,
    "lr": 0.001,
    "batch_size": 4,
    "batches_per_epoch": 2,
    "val_times": 64,
    "val_samples_per_time": 2048,
    "save_epochs": [
      10,
      20,
      40,
      80,
      160,
      320
    ],
    "eval_checkpoints": "all",
    "eval_val_times": 101,
    "eval_val_samples_per_time": 1024,
    "eval_K_S": 101,
    "eval_N_S": 512,
    "eval_N_kl": 5000,
    "eval_rtol": 1e-06,
    "eval_atol": 1e-08,
    "eval_chunk_size": 1024,
    "tight_eval": false,
    "seed": 42,
    "eval_seed": 12345,
    "device": "cpu",
    "outdir": "data/part-2-learn",
    "eval_only": true
  },
  "results": [
    {
      "epoch": 134,
      "ckpt_path": "data\\part-2-learn\\a1\\checkpoints\\best.pt",
      "val_mse_train": 0.15646632438378388,
      "eps_eval": 0.43882946936473016,
      "S_eval": 0.020055234960997037,
      "KL_eval": 0.009222400112739441,
      "kl_hat": 0.009222400112739441,
      "rhs": 0.0621454964746366,
      "RHS": 0.0621454964746366,
      "ratio": 0.14840013574440383,
      "bound_satisfied": true,
      "eval_params": {
        "eval_val_times": 101,
        "eval_val_samples_per_time": 1024,
        "eval_K_S": 101,
        "eval_N_S": 512,
        "eval_N_kl": 5000,
        "eval_rtol": 1e-06,
        "eval_atol": 1e-08,
        "eval_chunk_size": 1024
      },
      "train_params": {
        "lr": 0.001,
        "wd": 1e-06,
        "epochs": 400,
        "batch_size": 4,
        "num_batches_per_epoch": 2
      },
      "seeds": {
        "training": 42,
        "eval": 12345
      }
    },
    {
      "epoch": 234,
      "ckpt_path": "data\\part-2-learn\\a1\\checkpoints\\final.pt",
      "val_mse_train": 0.18219823484499414,
      "eps_eval": 0.44317872174683426,
      "S_eval": 0.027782152372253996,
      "KL_eval": 0.018594296798167927,
      "kl_hat": 0.018594296798167927,
      "rhs": 0.07386893624373055,
      "RHS": 0.07386893624373055,
      "ratio": 0.2517201105592755,
      "bound_satisfied": true,
      "eval_params": {
        "eval_val_times": 101,
        "eval_val_samples_per_time": 1024,
        "eval_K_S": 101,
        "eval_N_S": 512,
        "eval_N_kl": 5000,
        "eval_rtol": 1e-06,
        "eval_atol": 1e-08,
        "eval_chunk_size": 1024
      },
      "train_params": {
        "lr": 0.001,
        "wd": 1e-06,
        "epochs": 400,
        "batch_size": 4,
        "num_batches_per_epoch": 2
      },
      "seeds": {
        "training": 42,
        "eval": 12345
      }
    },
    {
      "epoch": 0,
      "ckpt_path": "data\\part-2-learn\\a1\\checkpoints\\ckpt__sched=a1__epoch=0__valmse=1-01e00__2025-10-31T03-01-36.pt",
      "val_mse_train": 1.0143663091600477,
      "eps_eval": 0.9792312174903123,
      "S_eval": 1.168096580107254,
      "KL_eval": 1.2345883317966195,
      "kl_hat": 1.2345883317966195,
      "rhs": 1.0583385762406503,
      "RHS": 1.0583385762406503,
      "ratio": 1.166534377100786,
      "bound_satisfied": false,
      "eval_params": {
        "eval_val_times": 101,
        "eval_val_samples_per_time": 1024,
        "eval_K_S": 101,
        "eval_N_S": 512,
        "eval_N_kl": 5000,
        "eval_rtol": 1e-06,
        "eval_atol": 1e-08,
        "eval_chunk_size": 1024
      },
      "train_params": {
        "lr": 0.001,
        "wd": 1e-06,
        "epochs": 400,
        "batch_size": 4,
        "num_batches_per_epoch": 2
      },
      "seeds": {
        "training": 42,
        "eval": 12345
      }
    },
    {
      "epoch": 49,
      "ckpt_path": "data\\part-2-learn\\a1\\checkpoints\\ckpt__sched=a1__epoch=49__valmse=1-65e-1__2025-10-31T03-01-37.pt",
      "val_mse_train": 0.1654105559283061,
      "eps_eval": 0.4529051856027243,
      "S_eval": 0.025678511220413713,
      "KL_eval": 0.017160188012748462,
      "kl_hat": 0.017160188012748462,
      "rhs": 0.07257586381442889,
      "RHS": 0.07257586381442889,
      "ratio": 0.2364448331834643,
      "bound_satisfied": true,
      "eval_params": {
        "eval_val_times": 101,
        "eval_val_samples_per_time": 1024,
        "eval_K_S": 101,
        "eval_N_S": 512,
        "eval_N_kl": 5000,
        "eval_rtol": 1e-06,
        "eval_atol": 1e-08,
        "eval_chunk_size": 1024
      },
      "train_params": {
        "lr": 0.001,
        "wd": 1e-06,
        "epochs": 400,
        "batch_size": 4,
        "num_batches_per_epoch": 2
      },
      "seeds": {
        "training": 42,
        "eval": 12345
      }
    },
    {
      "epoch": 9,
      "ckpt_path": "data\\part-2-learn\\a1\\checkpoints\\ckpt__sched=a1__epoch=9__valmse=5-67e-1__2025-10-31T03-01-36.pt",
      "val_mse_train": 0.5671483728831187,
      "eps_eval": 0.7351809667021257,
      "S_eval": 0.4325359090008637,
      "KL_eval": 0.5007985836153152,
      "kl_hat": 0.5007985836153152,
      "rhs": 0.4835098647004852,
      "RHS": 0.4835098647004852,
      "ratio": 1.0357567035897801,
      "bound_satisfied": false,
      "eval_params": {
        "eval_val_times": 101,
        "eval_val_samples_per_time": 1024,
        "eval_K_S": 101,
        "eval_N_S": 512,
        "eval_N_kl": 5000,
        "eval_rtol": 1e-06,
        "eval_atol": 1e-08,
        "eval_chunk_size": 1024
      },
      "train_params": {
        "lr": 0.001,
        "wd": 1e-06,
        "epochs": 400,
        "batch_size": 4,
        "num_batches_per_epoch": 2
      },
      "seeds": {
        "training": 42,
        "eval": 12345
      }
    },
    {
      "epoch": 14,
      "ckpt_path": "data\\part-2-learn\\a1\\checkpoints\\ckpt__sched=a1__epoch=14__valmse=4-24e-1__2025-10-31T03-01-36.pt",
      "val_mse_train": 0.4238160547243337,
      "eps_eval": 0.6286424986429014,
      "S_eval": 0.2455499611863127,
      "KL_eval": 0.28115523746558163,
      "kl_hat": 0.28115523746558163,
      "rhs": 0.3115112048478635,
      "RHS": 0.3115112048478635,
      "ratio": 0.9025525666176047,
      "bound_satisfied": true,
      "eval_params": {
        "eval_val_times": 101,
        "eval_val_samples_per_time": 1024,
        "eval_K_S": 101,
        "eval_N_S": 512,
        "eval_N_kl": 5000,
        "eval_rtol": 1e-06,
        "eval_atol": 1e-08,
        "eval_chunk_size": 1024
      },
      "train_params": {
        "lr": 0.001,
        "wd": 1e-06,
        "epochs": 400,
        "batch_size": 4,
        "num_batches_per_epoch": 2
      },
      "seeds": {
        "training": 42,
        "eval": 12345
      }
    },
    {
      "epoch": 19,
      "ckpt_path": "data\\part-2-learn\\a1\\checkpoints\\ckpt__sched=a1__epoch=19__valmse=2-56e-1__2025-10-31T03-01-36.pt",
      "val_mse_train": 0.2564608749036212,
      "eps_eval": 0.5391969738978021,
      "S_eval": 0.1282322619656065,
      "KL_eval": 0.13627211158701208,
      "kl_hat": 0.13627211158701208,
      "rhs": 0.19308391574152575,
      "RHS": 0.19308391574152575,
      "ratio": 0.7057662522725843,
      "bound_satisfied": true,
      "eval_params": {
        "eval_val_times": 101,
        "eval_val_samples_per_time": 1024,
        "eval_K_S": 101,
        "eval_N_S": 512,
        "eval_N_kl": 5000,
        "eval_rtol": 1e-06,
        "eval_atol": 1e-08,
        "eval_chunk_size": 1024
      },
      "train_params": {
        "lr": 0.001,
        "wd": 1e-06,
        "epochs": 400,
        "batch_size": 4,
        "num_batches_per_epoch": 2
      },
      "seeds": {
        "training": 42,
        "eval": 12345
      }
    },
    {
      "epoch": 24,
      "ckpt_path": "data\\part-2-learn\\a1\\checkpoints\\ckpt__sched=a1__epoch=24__valmse=2-24e-1__2025-10-31T03-01-37.pt",
      "val_mse_train": 0.2239918115175818,
      "eps_eval": 0.4928108465131091,
      "S_eval": 0.07473720797898073,
      "KL_eval": 0.07145167797890559,
      "kl_hat": 0.07145167797890559,
      "rhs": 0.1347251552156022,
      "RHS": 0.1347251552156022,
      "ratio": 0.5303514244578947,
      "bound_satisfied": true,
      "eval_params": {
        "eval_val_times": 101,