{
  "t_grid": [
    0.0,
    0.01,
    0.02,
    0.03,
    0.04,
    0.05,
    0.06,
    0.07,
    0.08,
    0.09,
    0.1,
    0.11,
    0.12,
    0.13,
    0.14,
    0.15,
    0.16,
    0.17,
    0.18,
    0.19,
    0.2,
    0.21,
    0.22,
    0.23,
    0.24,
    0.25,
    0.26,
    0.27,
    0.28,
    0.29,
    0.3,
    0.31,
    0.32,
    0.33,
    0.34,
    0.35000000000000003,
    0.36,
    0.37,
    0.38,
    0.39,
    0.4,
    0.41000000000000003,
    0.42,
    0.43,
    0.44,
    0.45,
    0.46,
    0.47000000000000003,
    0.48,
    0.49,
    0.5,
    0.51,
    0.52,
    0.53,
    0.54,
    0.55,
    0.56,
    0.5700000000000001,
    0.58,
    0.59,
    0.6,
    0.61,
    0.62,
    0.63,
    0.64,
    0.65,
    0.66,
    0.67,
    0.68,
    0.6900000000000001,
    0.7000000000000001,
    0.71,
    0.72,
    0.73,
    0.74,
    0.75,
    0.76,
    0.77,
    0.78,
    0.79,
    0.8,
    0.81,
    0.8200000000000001,
    0.8300000000000001,
    0.84,
    0.85,
    0.86,
    0.87,
    0.88,
    0.89,
    0.9,
    0.91,
    0.92,
    0.93,
    0.9400000000000001,
    0.9500000000000001,
    0.96,
    0.97,
    0.98,
    0.99,
    1.0
  ],
  "kl_curve": [
    0.0,
    -1.3154702272331584e-05,
    2.182902669736501e-05,
    6.872075285727215e-05,
    4.1404422179207594e-05,
    2.2470846486369826e-06,
    -0.00011441100214991666,
    0.0004170388340728219,
    0.0005009623149030681,
    0.0002852231815294823,
    0.001405682059445625,
    0.0006999370966629699,
    9.175054028575533e-06,
    0.0014322894322958528,
    0.0017279114123732872,
    0.0020478844417259555,
    0.0008657516531701206,
    0.0014630728663964363,
    0.0026876267968586327,
    -0.0004060935917836233,
    0.003660711001745929,
    0.003580843790931778,
    0.0057706198078778664,
    0.00878660838253698,
    0.0070989303830532495,
    0.00521102308446682,
    0.005245108979812442,
    0.0101818666260138,
    0.0074824634804746834,
    0.012511025382031521,
    0.008492884054413287,
    0.011178795763008205,
    0.01702819797116556,
    0.013167719787249435,
    0.012840135381813556,
    0.01927809954145453,
    0.022620687485910857,
    0.021766577941918924,
    0.02046852235827093,
    0.019776443668943936,
    0.022875137996954162,
    0.019576278685578662,
    0.02339609711490458,
    0.026418254221622233,
    0.02445690241217675,
    0.02752989413584719,
    0.025111559724813604,
    0.02975971739964325,
    0.02847922566219188,
    0.030479592638757352,
    0.024033901656996304,
    0.032734685075343335,
    0.027422424475859963,
    0.033120424255933555,
    0.027434484066077524,
    0.02808051284297813,
    0.025469433562019726,
    0.035020145951939634,
    0.03395189740140472,
    0.028780278483206436,
    0.029020677811604955,
    0.025344341837007678,
    0.03181457337944936,
    0.02385042785675863,
    0.023384168049787588,
    0.025713023031070915,
    0.024328266057972652,
    0.022261110433666968,
    0.025274813866644555,
    0.024708092679276622,
    0.01913191339960871,
    0.016454032287349683,
    0.024690928737374943,
    0.017307339821432625,
    0.022336285724248076,
    0.01916417490827817,
    0.022749313525285652,
    0.01812073658646139,
    0.025855934805905995,
    0.01312938062637479,
    0.01820101908467422,
    0.02104666257457577,
    0.020460729886339225,
    0.018508085690712963,
    0.018128767023241225,
    0.023614917748251123,
    0.021406246286316998,
    0.018218900773553325,
    0.02447542502166428,
    0.021471336986968657,
    0.019306012510966943,
    0.02273413161750878,
    0.02337126396969637,
    0.022119743071063267,
    0.021654867549187013,
    0.019412033306028625,
    0.019098563861941455,
    0.022236668757598003,
    0.025786122435928413,
    0.02474096628382333,
    0.026966390751105126
  ],
  "rhs_cumulative": [
    0.0,
    2.5563988474156792e-06,
    1.0621003660028632e-05,
    2.5329716251706506e-05,
    4.786809631643318e-05,
    7.929873280302593e-05,
    0.00012190972579738683,
    0.00017962997486354755,
    0.0002554641126579114,
    0.0003505230824881355,
    0.00047057123286521033,
    0.0006170991627894345,
    0.0007886611909971118,
    0.0009957466401183234,
    0.0012440628935316295,
    0.0015331640319710747,
    0.0018596262296509348,
    0.0022274390370704937,
    0.0026480724035838664,
    0.0031085266134422717,
    0.00362135569817451,
    0.004199009051387266,
    0.004833062901901483,
    0.005537216122418131,
    0.006295664053491196,
    0.007083146082073344,
    0.007906673678665236,
    0.008792245234336101,
    0.009727564305094402,
    0.010704883412722667,
    0.011712295971126066,
    0.012739804706875734,
    0.013820493005807732,
    0.014921952349227482,
    0.01601263817305524,
    0.01711950000858562,
    0.018249105135911756,
    0.019376537004082046,
    0.020476223681559214,
    0.02153484881974514,
    0.02256264644917897,
    0.023552337262015124,
    0.024494932606505922,
    0.025395435871074103,
    0.026236372645874497,
    0.02701405107937161,
    0.027718643336576386,
    0.028355313275704824,
    0.02892312149085993,
    0.0294050143791215,
    0.029796076914549597,
    0.030102214596389922,
    0.030332655528453382,
    0.03048594864947932,
    0.030556350158970843,
    0.030544449613113412,
    0.03045862124776095,
    0.030299672237378266,
    0.030074872287377277,
    0.029788431236318625,
    0.02944402722128837,
    0.02905070310990656,
    0.028610361455030275,
    0.028130697827945632,
    0.027624323727496885,
    0.02709293760323008,
    0.026546268162243963,
    0.025993003271562995,
    0.02542837826223083,
    0.02486292855678392,
    0.024316856460008533,
    0.023797011481491874,
    0.023287242053968756,
    0.02279906128703015,
    0.02234177383837334,
    0.021913541338728134,
    0.021523346357823114,
    0.021171502739597645,
    0.020850081380094684,
    0.020575925408110138,
    0.020356747773269904,
    0.02017351560270927,
    0.020036316935775643,
    0.019944695991863406,
    0.019899050330229155,
    0.019891462982486088,
    0.01991977451682847,
    0.019992995145821448,
    0.020105234931114307,
    0.020250351324321975,
    0.020433096315327845,
    0.020643934178527872,
    0.02088293422303543,
    0.021159207688849664,
    0.021467802559575543,
    0.02180011402955384,
    0.022155301766737245,
    0.022540631102389772,
    0.02295089234878433,
    0.02338473407745512,
    0.02384661526810071
  ],
  "schedule": "a2",
  "metadata": {
    "schedule": "a2",
    "seed": 42,
    "num_samples": 2000,
    "num_times": 101,
    "num_seeds": 3,
    "rtol": 1e-06,
    "atol": 1e-08,
    "median_rel_error": 11.8439999352062,
    "max_rel_error": 8495.711682360032,
    "mean_rel_error": 146.21173085244519,
    "accepted": false
  }
}