{
  "t_grid": [
    0.0,
    0.01,
    0.02,
    0.03,
    0.04,
    0.05,
    0.06,
    0.07,
    0.08,
    0.09,
    0.1,
    0.11,
    0.12,
    0.13,
    0.14,
    0.15,
    0.16,
    0.17,
    0.18,
    0.19,
    0.2,
    0.21,
    0.22,
    0.23,
    0.24,
    0.25,
    0.26,
    0.27,
    0.28,
    0.29,
    0.3,
    0.31,
    0.32,
    0.33,
    0.34,
    0.35000000000000003,
    0.36,
    0.37,
    0.38,
    0.39,
    0.4,
    0.41000000000000003,
    0.42,
    0.43,
    0.44,
    0.45,
    0.46,
    0.47000000000000003,
    0.48,
    0.49,
    0.5,
    0.51,
    0.52,
    0.53,
    0.54,
    0.55,
    0.56,
    0.5700000000000001,
    0.58,
    0.59,
    0.6,
    0.61,
    0.62,
    0.63,
    0.64,
    0.65,
    0.66,
    0.67,
    0.68,
    0.6900000000000001,
    0.7000000000000001,
    0.71,
    0.72,
    0.73,
    0.74,
    0.75,
    0.76,
    0.77,
    0.78,
    0.79,
    0.8,
    0.81,
    0.8200000000000001,
    0.8300000000000001,
    0.84,
    0.85,
    0.86,
    0.87,
    0.88,
    0.89,
    0.9,
    0.91,
    0.92,
    0.93,
    0.9400000000000001,
    0.9500000000000001,
    0.96,
    0.97,
    0.98,
    0.99,
    1.0
  ],
  "kl_curve": [
    0.0,
    -1.37666278732466e-06,
    -1.9937915891249123e-05,
    9.228229548897101e-05,
    -1.0710292260815252e-05,
    -9.866907206611649e-05,
    -3.4175349525639494e-05,
    0.00027844999734381154,
    0.00018389432435583008,
    2.3129629467454565e-05,
    0.0009157312833918437,
    0.0008126830457872337,
    -3.467181020419682e-05,
    0.000911795187672964,
    0.0012277268886978956,
    0.0023194182376607623,
    0.001328930750310273,
    0.0015079955134401314,
    0.0024766343203496467,
    -0.0009648020772478515,
    0.0036492571521003175,
    0.0028681130783227045,
    0.006495045868506626,
    0.008468626989318962,
    0.00746677261167137,
    0.006704171887890963,
    0.006113116591831765,
    0.010865219816464522,
    0.007335020264157253,
    0.013614313449766373,
    0.009855788718444876,
    0.012275746323776475,
    0.016680599273016294,
    0.013759443112182254,
    0.013576283860559486,
    0.022224448578564506,
    0.024723053585717313,
    0.021601539622019234,
    0.020573519282161907,
    0.021830104146301238,
    0.023895920148916273,
    0.02156405762912053,
    0.024585854585715185,
    0.028978563580047606,
    0.027093690214483313,
    0.0293202435559986,
    0.02789668403138181,
    0.02824681215467639,
    0.030289426905897754,
    0.03305675506993123,
    0.02956734787410901,
    0.03715509288565177,
    0.02973292313975948,
    0.032995197454425036,
    0.03164847182040799,
    0.029868813861836038,
    0.027914371648522424,
    0.03744412029044619,
    0.03391461182484121,
    0.03113857228241355,
    0.03094336377605161,
    0.025553013207835693,
    0.032398148766246276,
    0.02893958965383577,
    0.026140882568917518,
    0.02590739153487824,
    0.022929626383963325,
    0.024346486617320463,
    0.029891784519940207,
    0.02342265486575179,
    0.024558268066161643,
    0.018220147620002587,
    0.024503975242812604,
    0.015017104505433554,
    0.01832490068734526,
    0.014737255358281793,
    0.019017349652285104,
    0.01349956687036141,
    0.017430247344580048,
    0.008588423393228642,
    0.009607731192212312,
    0.015278691613038535,
    0.013076278086332965,
    0.011730950751475266,
    0.012112770117663771,
    0.01406641597655317,
    0.010029104690532115,
    0.008838724485764372,
    0.01363806411315067,
    0.008887265355666757,
    0.00868126515992324,
    0.007957956047029773,
    0.011241822174303888,
    0.010943162070022905,
    0.012181620498975072,
    0.006161651689709964,
    0.007689154063669765,
    0.01092423948889041,
    0.009390156764286332,
    0.009940107495300674,
    0.011394749922756154
  ],
  "rhs_cumulative": [
    0.0,
    8.32681170719024e-07,
    4.003574678566013e-06,
    1.1242576767537298e-05,
    2.4456227206676776e-05,
    4.585283191539385e-05,
    7.830535724145365e-05,
    0.00012562893803814913,
    0.0001908992081704837,
    0.00027674835396286705,
    0.0003894350825786951,
    0.0005327856808650604,
    0.0007058118406855668,
    0.000915105590961728,
    0.001167989007874168,
    0.0014677988329423795,
    0.001813526187701784,
    0.002205914827080208,
    0.0026541648982206624,
    0.003147972572715396,
    0.003700708919748976,
    0.004322804112977009,
    0.005010435172555587,
    0.005772914203658283,
    0.00659439092209197,
    0.007462983073130568,
    0.008376359316809722,
    0.009352029321491978,
    0.010375253020198193,
    0.011447985942030812,
    0.012563774545031893,
    0.013700684186961775,
    0.014883222674987144,
    0.01608656314640649,
    0.017287423864592085,
    0.018514509268574047,
    0.01976709310945631,
    0.021001967375577482,
    0.022200992918610395,
    0.023365757034419846,
    0.02449934801809815,
    0.025585134624756582,
    0.02661578050106155,
    0.027599375358575637,
    0.028516625985707006,
    0.02935921677403622,
    0.03012235989335159,
    0.030796976074408636,
    0.03138259406712015,
    0.03187676573465738,
    0.03227245893143694,
    0.03256911331129146,
    0.03276727789839204,
    0.03286437218447217,
    0.0328607465920838,
    0.03275833258114499,
    0.03256118139137703,
    0.0322663152155096,
    0.03188159455240958,
    0.03141641027936051,
    0.030872265943672424,
    0.030259882559866173,
    0.029576239627968827,
    0.02882515925744723,
    0.02802914466222806,
    0.02719277588222061,
    0.026321997179201813,
    0.02542166806235737,
    0.024481671278122428,
    0.023523965049835976,
    0.022565527606531795,
    0.021613762300176965,
    0.02066529935339947,
    0.019728747188067598,
    0.0188178245882142,
    0.017928823563512497,
    0.017058401598811376,
    0.01621769984033156,
    0.015415205465149635,
    0.014660169760573919,
    0.01396050474388178,
    0.013283638457169506,
    0.012639183495791826,
    0.012047597730537131,
    0.011504069806271042,
    0.01100136443354704,
    0.010547034956500513,
    0.010146405821374754,
    0.009786553048388599,
    0.00947246025629694,
    0.009210335764633268,
    0.008995398635819806,
    0.008825672330209686,
    0.008698621890595339,
    0.008617469315780292,
    0.008582667192057435,
    0.008593366846011682,
    0.008651322567859828,
    0.008757609466052382,
    0.008912439649342189,
    0.009119575408932582
  ],
  "schedule": "a2",
  "metadata": {
    "schedule": "a2",
    "seed": 42,
    "num_samples": 2000,
    "num_times": 101,
    "num_seeds": 3,
    "rtol": 1e-06,
    "atol": 1e-08,
    "median_rel_error": 13.036545849951617,
    "max_rel_error": 2135.6936558222524,
    "mean_rel_error": 62.18308904915902,
    "accepted": false
  }
}