{
  "t_grid": [
    0.0,
    0.01,
    0.02,
    0.03,
    0.04,
    0.05,
    0.06,
    0.07,
    0.08,
    0.09,
    0.1,
    0.11,
    0.12,
    0.13,
    0.14,
    0.15,
    0.16,
    0.17,
    0.18,
    0.19,
    0.2,
    0.21,
    0.22,
    0.23,
    0.24,
    0.25,
    0.26,
    0.27,
    0.28,
    0.29,
    0.3,
    0.31,
    0.32,
    0.33,
    0.34,
    0.35000000000000003,
    0.36,
    0.37,
    0.38,
    0.39,
    0.4,
    0.41000000000000003,
    0.42,
    0.43,
    0.44,
    0.45,
    0.46,
    0.47000000000000003,
    0.48,
    0.49,
    0.5,
    0.51,
    0.52,
    0.53,
    0.54,
    0.55,
    0.56,
    0.5700000000000001,
    0.58,
    0.59,
    0.6,
    0.61,
    0.62,
    0.63,
    0.64,
    0.65,
    0.66,
    0.67,
    0.68,
    0.6900000000000001,
    0.7000000000000001,
    0.71,
    0.72,
    0.73,
    0.74,
    0.75,
    0.76,
    0.77,
    0.78,
    0.79,
    0.8,
    0.81,
    0.8200000000000001,
    0.8300000000000001,
    0.84,
    0.85,
    0.86,
    0.87,
    0.88,
    0.89,
    0.9,
    0.91,
    0.92,
    0.93,
    0.9400000000000001,
    0.9500000000000001,
    0.96,
    0.97,
    0.98,
    0.99,
    1.0
  ],
  "kl_curve": [
    0.0,
    -3.958596713849394e-05,
    5.5922267583901764e-05,
    0.00013586831311067555,
    -5.042772314023525e-05,
    -3.416942113781307e-05,
    -9.27886479739981e-05,
    0.0009659248675416583,
    0.0008130497380120439,
    0.0008096657063582155,
    0.0022980719330977038,
    0.0021766503904275323,
    0.0008132222222658496,
    0.002550820896603512,
    0.002693912818791924,
    0.004444018524595546,
    0.0034706596434174787,
    0.003572962768900636,
    0.005759117604606355,
    0.0008918511634449876,
    0.007862440288854668,
    0.007181198073787735,
    0.012703309390878768,
    0.015618437980261217,
    0.014614750143453488,
    0.014105623389280899,
    0.013703173059114074,
    0.021169120371528776,
    0.015658105234785696,
    0.025451079554965523,
    0.020928671303922026,
    0.0241265067798092,
    0.03100393444150816,
    0.027147882067340895,
    0.026967950088957433,
    0.039989795704094104,
    0.04325665469483348,
    0.03962073259270348,
    0.040193291538668525,
    0.04393688664800607,
    0.04619552019202542,
    0.040500471057137166,
    0.04753351449459059,
    0.054994875778810674,
    0.05072222053854103,
    0.05543530728156229,
    0.05711164212087975,
    0.05651064825049276,
    0.06011976475457743,
    0.06444585290470312,
    0.058513470101505455,
    0.07389495106365716,
    0.06206128073171335,
    0.0687516430347484,
    0.06645869033247888,
    0.06330273739911399,
    0.06371464648832384,
    0.07646708804660741,
    0.07255435109539,
    0.06830470404881676,
    0.068929129511487,
    0.06188716304742745,
    0.0726978703092246,
    0.06973716086927016,
    0.06727548122408196,
    0.0652520934585706,
    0.061869686510447996,
    0.059834228134910857,
    0.0747580183895082,
    0.06147580854582366,
    0.06547334003138432,
    0.05291291939019399,
    0.06508023131237611,
    0.0513163216686233,
    0.05839440115512661,
    0.05163385296772207,
    0.06307892317844728,
    0.05072736177699855,
    0.05987171674589559,
    0.04106548777056559,
    0.04243362348572943,
    0.05982384033046221,
    0.05159610372636975,
    0.04855221912855085,
    0.04822266299395561,
    0.05491595974042804,
    0.04718047456528978,
    0.04601380409991503,
    0.05791850931711251,
    0.048270985966540135,
    0.04908587026151511,
    0.04405385387032721,
    0.05292681966712679,
    0.05651879855745532,
    0.05490594770043641,
    0.04351149370352122,
    0.053013174701296094,
    0.05633783126419547,
    0.056255087578287725,
    0.055786256466263666,
    0.05795443468607564
  ],
  "rhs_cumulative": [
    0.0,
    5.493042702208518e-06,
    2.4027346759650645e-05,
    5.9657952789379324e-05,
    0.00011585372958056826,
    0.00019675925718517015,
    0.0003075237649918535,
    0.0004558459079191077,
    0.0006470544030631215,
    0.0008832850672870212,
    0.0011745746319990192,
    0.0015256928738265386,
    0.001932958928485557,
    0.0024085163416472516,
    0.0029611097262057856,
    0.0035966005294929618,
    0.004313745002716104,
    0.0051090290455825405,
    0.0059983310807781584,
    0.006962108620697299,
    0.008023890529372916,
    0.00920089358345813,
    0.010485887567863308,
    0.011896676814428834,
    0.013402187932377817,
    0.014980667880059337,
    0.016633375418881054,
    0.018393228573761286,
    0.02023251602104307,
    0.02215050639491396,
    0.024145690564193856,
    0.026183368740984377,
    0.028301743964891296,
    0.03046104717969869,
    0.03262008966867391,
    0.03483696873539871,
    0.037114730522666686,
    0.03937691105938256,
    0.041601485456445694,
    0.04380568371472212,
    0.04598358409936213,
    0.04809267966758561,
    0.05013701701695676,
    0.05214631774573392,
    0.054074106040034244,
    0.05590002845860418,
    0.0576341455493436,
    0.059256708585871454,
    0.06076383329554065,
    0.06215791040537077,
    0.0634128237060939,
    0.0645427864648174,
    0.06554240886376923,
    0.06639102984471343,
    0.06709955967450118,
    0.06765878013658305,
    0.06807696722576297,
    0.06835720918049208,
    0.06850285710832421,
    0.06851621346226788,
    0.06839930947160505,
    0.06816461291441758,
    0.06781239600236821,
    0.06734820757992063,
    0.06679556698755688,
    0.06615829447235717,
    0.06544363091796049,
    0.06465539216418274,
    0.063785991747523,
    0.06286740908212478,
    0.06191567600064615,
    0.06094051974152263,
    0.059943118264801185,
    0.058931566999087276,
    0.05792816725668047,
    0.056938545167290154,
    0.05595556953580488,
    0.0549924172579037,
    0.05406556902139457,
    0.05318935742419554,
    0.05237388664078799,
    0.0515857876186318,
    0.05084188428884614,
    0.050172650833762364,
    0.04957353973143652,
    0.04904058137640085,
    0.04858880121065915,
    0.04822698462758095,
    0.04794496106740846,
    0.047754328554219266,
    0.047663439037709115,
    0.047669332929705474,
    0.0477767920176828,
    0.04798998396153357,
    0.04831047338420031,
    0.048735434633130986,
    0.04927818874656843,
    0.049948627813218065,
    0.050745670070225055,
    0.05167005016038029,
    0.05272644749599502
  ],
  "schedule": "a2",
  "metadata": {
    "schedule": "a2",
    "seed": 42,
    "num_samples": 2000,
    "num_times": 101,
    "num_seeds": 3,
    "rtol": 1e-06,
    "atol": 1e-08,
    "median_rel_error": 9.020857883265174,
    "max_rel_error": 680.6357053798636,
    "mean_rel_error": 34.37326967871321,
    "accepted": false
  }
}