{
  "t_grid": [
    0.0,
    0.01,
    0.02,
    0.03,
    0.04,
    0.05,
    0.06,
    0.07,
    0.08,
    0.09,
    0.1,
    0.11,
    0.12,
    0.13,
    0.14,
    0.15,
    0.16,
    0.17,
    0.18,
    0.19,
    0.2,
    0.21,
    0.22,
    0.23,
    0.24,
    0.25,
    0.26,
    0.27,
    0.28,
    0.29,
    0.3,
    0.31,
    0.32,
    0.33,
    0.34,
    0.35000000000000003,
    0.36,
    0.37,
    0.38,
    0.39,
    0.4,
    0.41000000000000003,
    0.42,
    0.43,
    0.44,
    0.45,
    0.46,
    0.47000000000000003,
    0.48,
    0.49,
    0.5,
    0.51,
    0.52,
    0.53,
    0.54,
    0.55,
    0.56,
    0.5700000000000001,
    0.58,
    0.59,
    0.6,
    0.61,
    0.62,
    0.63,
    0.64,
    0.65,
    0.66,
    0.67,
    0.68,
    0.6900000000000001,
    0.7000000000000001,
    0.71,
    0.72,
    0.73,
    0.74,
    0.75,
    0.76,
    0.77,
    0.78,
    0.79,
    0.8,
    0.81,
    0.8200000000000001,
    0.8300000000000001,
    0.84,
    0.85,
    0.86,
    0.87,
    0.88,
    0.89,
    0.9,
    0.91,
    0.92,
    0.93,
    0.9400000000000001,
    0.9500000000000001,
    0.96,
    0.97,
    0.98,
    0.99,
    1.0
  ],
  "kl_curve": [
    0.0,
    7.368999376931251e-06,
    7.638960878555801e-07,
    -1.4033907608874833e-05,
    3.973308522338407e-05,
    1.748557393103445e-05,
    2.9009244211654482e-05,
    -1.6819613147836383e-05,
    4.7783298617864004e-05,
    -2.8716718299301482e-05,
    1.0970514385613326e-05,
    0.00015646928479413726,
    -7.386530579296332e-05,
    0.00020965261900554027,
    0.00014795173929329749,
    0.0008308422386286369,
    0.0003510599520568397,
    0.0003409812678454905,
    0.0007717509529705137,
    -0.001293563131721447,
    0.001341966424059614,
    0.0005319546056018975,
    0.0026994023287256748,
    0.003737449464226939,
    0.0030424171873844313,
    0.0026504141526027987,
    0.002137261851317778,
    0.004572320630173262,
    0.0026285357677410365,
    0.0061797330798853975,
    0.004452587372591206,
    0.005383849118460873,
    0.00797836548725415,
    0.005985607531653951,
    0.0050494385306568456,
    0.011764971747546302,
    0.012898558810645347,
    0.009977848896677589,
    0.00942670026958834,
    0.011277297259004006,
    0.010991096581093568,
    0.010074714430108805,
    0.011302092892939158,
    0.014908220779348266,
    0.013574867872438215,
    0.014129046052115067,
    0.013627855752483646,
    0.012196640897980055,
    0.014831997019244897,
    0.016053116369025955,
    0.014341958982442888,
    0.019194816507263703,
    0.013433382455662292,
    0.014864335830861783,
    0.015123896322477596,
    0.013038859463229963,
    0.013155646015759583,
    0.017756727170756947,
    0.013803903057842607,
    0.012979836990810357,
    0.013436108636258264,
    0.01050254217790022,
    0.014491287650210105,
    0.013116488824084357,
    0.009909742679881662,
    0.009701071726319455,
    0.00743821176294316,
    0.008833544671343346,
    0.012293565771648252,
    0.007863796338810375,
    0.00915098471611211,
    0.005304099591609025,
    0.007417307428296281,
    0.005469939256837039,
    0.005147945846678193,
    0.002678873782670859,
    0.005304490640414144,
    0.0031175381893247824,
    0.0038267344949943845,
    0.0012279979526225125,
    0.0007187981620651127,
    0.003501446844977769,
    0.002058596634299503,
    0.0019077690954775784,
    0.0013811224492497932,
    0.0019189785906927965,
    0.0008689193172023136,
    0.0009102999559184648,
    0.002472123376048544,
    0.00020003280672329553,
    0.0010712278489676747,
    0.0008330066268097093,
    0.0006353603099326302,
    0.0015769176324642346,
    0.0014371551357916011,
    0.00037341826875316727,
    0.0009935484896422197,
    0.0020224667871513156,
    0.0012331472402893181,
    0.0020407053351743187,
    0.0013378413725003225
  ],
  "rhs_cumulative": [
    0.0,
    5.351379746425189e-07,
    1.6964705470518195e-06,
    2.875757182695119e-06,
    3.951436225693348e-06,
    5.191472538841122e-06,
    7.455022360582673e-06,
    1.2100898196869433e-05,
    2.0854641532219512e-05,
    3.5467116523556474e-05,
    5.81729276487111e-05,
    9.21797437600864e-05,
    0.00013950814518474047,
    0.0002032330494585062,
    0.0002866956648479048,
    0.0003943561943222413,
    0.0005279735820794626,
    0.0006876940928356952,
    0.0008783429394476903,
    0.0010947607684143844,
    0.0013468318503282784,
    0.0016404125354620071,
    0.001974488526532135,
    0.0023562790305054044,
    0.002775740692767148,
    0.0032273606816805747,
    0.0037113288166249624,
    0.004234219722029414,
    0.004789708793662243,
    0.005378683564487709,
    0.005999059184174594,
    0.006639059533932599,
    0.007306191533264972,
    0.007986795740094256,
    0.008663665921566794,
    0.009360646041113077,
    0.010078043722904773,
    0.010776048551043952,
    0.011446477686035933,
    0.012100803770046445,
    0.012731868228959971,
    0.013328888005937742,
    0.013887514212971418,
    0.01440924302174054,
    0.014889435329967626,
    0.015314307865763386,
    0.015680239837497237,
    0.015981464389075908,
    0.016220298522089435,
    0.016398731015584457,
    0.016511263721929764,
    0.01655557973416861,
    0.016530672330224157,
    0.016437259307388867,
    0.016277784853717985,
    0.016056090844246328,
    0.01577495578436124,
    0.015429746490780633,
    0.015025830975565174,
    0.014575608118934642,
    0.014080386316695373,
    0.013549401826980237,
    0.012980277572742708,
    0.012373413096252799,
    0.011747966352224162,
    0.011109505022425489,
    0.010463534690586881,
    0.009811122665671954,
    0.00914144948900269,
    0.00847622413150382,
    0.007825509213716395,
    0.007192637980149443,
    0.006580310566103458,
    0.005987359675667422,
    0.00542470422685446,
    0.0048954915852270665,
    0.004392697628151233,
    0.003917846644935027,
    0.003479419902365941,
    0.003079133218643553,
    0.0027204849434080587,
    0.002386953598601751,
    0.0020808935895542044,
    0.001810982723525258,
    0.0015726837732516874,
    0.0013635074541246378,
    0.0011837900014751235,
    0.0010319155156515768,
    0.000901054640971424,
    0.0007942963563478991,
    0.0007105712151856774,
    0.0006452880287484915,
    0.0005982869174912995,
    0.0005667382771863963,
    0.0005505851323936268,
    0.0005498970743551818,
    0.0005646090613977124,
    0.0005953513100480975,
    0.0006411480433979807,
    0.0007039415440607423,
    0.0007846204181876316
  ],
  "schedule": "a2",
  "metadata": {
    "schedule": "a2",
    "seed": 42,
    "num_samples": 2000,
    "num_times": 101,
    "num_seeds": 3,
    "rtol": 1e-06,
    "atol": 1e-08,
    "median_rel_error": 23.1403014161251,
    "max_rel_error": 430.2661808182738,
    "mean_rel_error": 50.61511485030267,
    "accepted": false
  }
}