{
  "args": {
    "schedule": "a3",
    "epochs": 400,
    "lr": 0.001,
    "batch_size": 4,
    "batches_per_epoch": 2,
    "val_times": 64,
    "val_samples_per_time": 2048,
    "save_epochs": [
      10,
      20,
      40,
      80,
      160,
      320
    ],
    "eval_checkpoints": "all",
    "eval_val_times": 101,
    "eval_val_samples_per_time": 1024,
    "eval_K_S": 101,
    "eval_N_S": 512,
    "eval_N_kl": 5000,
    "eval_rtol": 1e-06,
    "eval_atol": 1e-08,
    "eval_chunk_size": 1024,
    "tight_eval": false,
    "seed": 42,
    "eval_seed": 12345,
    "device": "cpu",
    "outdir": "data/part-2-learn",
    "eval_only": false
  },
  "results": [
    {
      "epoch": 344,
      "ckpt_path": "data\\part-2-learn\\a3\\checkpoints\\best.pt",
      "val_mse_train": 0.02491892478362563,
      "eps_eval": 0.1805613779476666,
      "S_eval": 0.028478323605325886,
      "KL_eval": 0.007413448219261264,
      "kl_hat": 0.007413448219261264,
      "rhs": 0.030470674699596436,
      "RHS": 0.030470674699596436,
      "ratio": 0.24329780329279846,
      "bound_satisfied": true,
      "eval_params": {
        "eval_val_times": 101,
        "eval_val_samples_per_time": 1024,
        "eval_K_S": 101,
        "eval_N_S": 512,
        "eval_N_kl": 5000,
        "eval_rtol": 1e-06,
        "eval_atol": 1e-08,
        "eval_chunk_size": 1024
      },
      "train_params": {
        "lr": 0.001,
        "wd": 1e-06,
        "epochs": 400,
        "batch_size": 4,
        "num_batches_per_epoch": 2
      },
      "seeds": {
        "training": 42,
        "eval": 12345
      }
    },
    {
      "epoch": 399,
      "ckpt_path": "data\\part-2-learn\\a3\\checkpoints\\final.pt",
      "val_mse_train": 0.031164175176974153,
      "eps_eval": 0.1755774734886267,
      "S_eval": 0.03667128745093286,
      "KL_eval": 0.006552544170327218,
      "kl_hat": 0.006552544170327218,
      "rhs": 0.03362264491186497,
      "RHS": 0.03362264491186497,
      "ratio": 0.1948848517867467,
      "bound_satisfied": true,
      "eval_params": {
        "eval_val_times": 101,
        "eval_val_samples_per_time": 1024,
        "eval_K_S": 101,
        "eval_N_S": 512,
        "eval_N_kl": 5000,
        "eval_rtol": 1e-06,
        "eval_atol": 1e-08,
        "eval_chunk_size": 1024
      },
      "train_params": {
        "lr": 0.001,
        "wd": 1e-06,
        "epochs": 400,
        "batch_size": 4,
        "num_batches_per_epoch": 2
      },
      "seeds": {
        "training": 42,
        "eval": 12345
      }
    },
    {
      "epoch": 0,
      "ckpt_path": "data\\part-2-learn\\a3\\checkpoints\\ckpt__sched=a3__epoch=0__valmse=7-20e-2__2025-10-31T03-24-23.pt",
      "val_mse_train": 0.07198320631308307,
      "eps_eval": 0.27736032308482056,
      "S_eval": 0.07596016374114736,
      "KL_eval": 0.001958597196343635,
      "kl_hat": 0.001958597196343635,
      "rhs": 0.07644292221585428,
      "RHS": 0.07644292221585428,
      "ratio": 0.02562169445606858,
      "bound_satisfied": true,
      "eval_params": {
        "eval_val_times": 101,
        "eval_val_samples_per_time": 1024,
        "eval_K_S": 101,
        "eval_N_S": 512,
        "eval_N_kl": 5000,
        "eval_rtol": 1e-06,
        "eval_atol": 1e-08,
        "eval_chunk_size": 1024
      },
      "train_params": {
        "lr": 0.001,
        "wd": 1e-06,
        "epochs": 400,
        "batch_size": 4,
        "num_batches_per_epoch": 2
      },
      "seeds": {
        "training": 42,
        "eval": 12345
      }
    },
    {
      "epoch": 9,
      "ckpt_path": "data\\part-2-learn\\a3\\checkpoints\\ckpt__sched=a3__epoch=9__valmse=6-64e-2__2025-10-31T03-24-23.pt",
      "val_mse_train": 0.06637553308822428,
      "eps_eval": 0.2763008299338778,
      "S_eval": 0.08691173161706424,
      "KL_eval": 0.003062832955044756,
      "kl_hat": 0.003062832955044756,
      "rhs": 0.0814556832401417,
      "RHS": 0.0814556832401417,
      "ratio": 0.037601218640756294,
      "bound_satisfied": true,
      "eval_params": {
        "eval_val_times": 101,
        "eval_val_samples_per_time": 1024,
        "eval_K_S": 101,
        "eval_N_S": 512,
        "eval_N_kl": 5000,
        "eval_rtol": 1e-06,
        "eval_atol": 1e-08,
        "eval_chunk_size": 1024
      },
      "train_params": {
        "lr": 0.001,
        "wd": 1e-06,
        "epochs": 400,
        "batch_size": 4,
        "num_batches_per_epoch": 2
      },
      "seeds": {
        "training": 42,
        "eval": 12345
      }
    },
    {
      "epoch": 29,
      "ckpt_path": "data\\part-2-learn\\a3\\checkpoints\\ckpt__sched=a3__epoch=29__valmse=6-04e-2__2025-10-31T03-24-24.pt",
      "val_mse_train": 0.06037055880021621,
      "eps_eval": 0.26826488487035116,
      "S_eval": 0.05694233627313275,
      "KL_eval": 0.002609993313339907,
      "kl_hat": 0.002609993313339907,
      "rhs": 0.06401495865299658,
      "RHS": 0.06401495865299658,
      "ratio": 0.0407716160138101,
      "bound_satisfied": true,
      "eval_params": {
        "eval_val_times": 101,
        "eval_val_samples_per_time": 1024,
        "eval_K_S": 101,
        "eval_N_S": 512,
        "eval_N_kl": 5000,
        "eval_rtol": 1e-06,
        "eval_atol": 1e-08,
        "eval_chunk_size": 1024
      },
      "train_params": {
        "lr": 0.001,
        "wd": 1e-06,
        "epochs": 400,
        "batch_size": 4,
        "num_batches_per_epoch": 2
      },
      "seeds": {
        "training": 42,
        "eval": 12345
      }
    },
    {
      "epoch": 69,
      "ckpt_path": "data\\part-2-learn\\a3\\checkpoints\\ckpt__sched=a3__epoch=69__valmse=5-31e-2__2025-10-31T03-24-25.pt",
      "val_mse_train": 0.05306917141640142,
      "eps_eval": 0.261070777863617,
      "S_eval": 0.06809277721095433,
      "KL_eval": 0.002994773827055585,
      "kl_hat": 0.002994773827055585,
      "rhs": 0.06812535633885915,
      "RHS": 0.06812535633885915,
      "ratio": 0.04395975284385187,
      "bound_satisfied": true,
      "eval_params": {
        "eval_val_times": 101,
        "eval_val_samples_per_time": 1024,
        "eval_K_S": 101,
        "eval_N_S": 512,
        "eval_N_kl": 5000,
        "eval_rtol": 1e-06,
        "eval_atol": 1e-08,
        "eval_chunk_size": 1024
      },
      "train_params": {
        "lr": 0.001,
        "wd": 1e-06,
        "epochs": 400,
        "batch_size": 4,
        "num_batches_per_epoch": 2
      },
      "seeds": {
        "training": 42,
        "eval": 12345
      }
    },
    {
      "epoch": 154,
      "ckpt_path": "data\\part-2-learn\\a3\\checkpoints\\ckpt__sched=a3__epoch=154__valmse=5-09e-2__2025-10-31T03-24-28.pt",
      "val_mse_train": 0.05089785364208761,
      "eps_eval": 0.23472075139757057,
      "S_eval": 0.048993028467394756,
      "KL_eval": 0.005512376228842223,
      "kl_hat": 0.005512376228842223,
      "rhs": 0.051953956896999186,
      "RHS": 0.051953956896999186,
      "ratio": 0.1061011818555174,
      "bound_satisfied": true,
      "eval_params": {
        "eval_val_times": 101,
        "eval_val_samples_per_time": 1024,
        "eval_K_S": 101,
        "eval_N_S": 512,
        "eval_N_kl": 5000,
        "eval_rtol": 1e-06,
        "eval_atol": 1e-08,
        "eval_chunk_size": 1024
      },
      "train_params": {
        "lr": 0.001,
        "wd": 1e-06,
        "epochs": 400,
        "batch_size": 4,
        "num_batches_per_epoch": 2
      },
      "seeds": {
        "training": 42,
        "eval": 12345
      }
    },
    {
      "epoch": 169,
      "ckpt_path": "data\\part-2-learn\\a3\\checkpoints\\ckpt__sched=a3__epoch=169__valmse=4-80e-2__2025-10-31T03-24-28.pt",
      "val_mse_train": 0.047981379817847794,
      "eps_eval": 0.22951384753020845,
      "S_eval": 0.04775080484663415,
      "KL_eval": 0.005754993877882428,
      "kl_hat": 0.005754993877882428,
      "rhs": 0.0501532685178835,
      "RHS": 0.0501532685178835,
      "ratio": 0.11474813203511013,
      "bound_satisfied": true,