{
  "epoch": 219,
  "val_mse": 0.0440778632371406,
  "nmse": 0.6275850648151343,
  "schedule": "a3",
  "seed": 42,
  "train_params": {
    "lr": 0.001,
    "wd": 1e-06,
    "epochs": 400,
    "batch_size": 4,
    "num_batches_per_epoch": 2
  },
  "timestamp": "2025-10-31T03-24-30",
  "git_sha": "724cdd5"
}