{
  "epoch": 29,
  "val_mse": 0.06037055880021621,
  "nmse": 0.979661904574666,
  "schedule": "a3",
  "seed": 42,
  "train_params": {
    "lr": 0.001,
    "wd": 1e-06,
    "epochs": 400,
    "batch_size": 4,
    "num_batches_per_epoch": 2
  },
  "timestamp": "2025-10-31T03-24-24",
  "git_sha": "724cdd5"
}