{
  "epoch": 254,
  "val_mse": 0.036780656505476336,
  "nmse": 0.573547325682799,
  "schedule": "a3",
  "seed": 42,
  "train_params": {
    "lr": 0.001,
    "wd": 1e-06,
    "epochs": 400,
    "batch_size": 4,
    "num_batches_per_epoch": 2
  },
  "timestamp": "2025-10-31T03-24-31",
  "git_sha": "724cdd5"
}