{
  "epoch": 129,
  "val_mse": 0.1625015031232511,
  "nmse": 0.17816436287589696,
  "schedule": "a1",
  "seed": 42,
  "train_params": {
    "lr": 0.001,
    "wd": 1e-06,
    "epochs": 400,
    "batch_size": 4,
    "num_batches_per_epoch": 2
  },
  "timestamp": "2025-10-31T03-01-40",
  "git_sha": "724cdd5"
}