{
  "epoch": 234,
  "val_mse": 0.18219823484499414,
  "nmse": 0.16583654661999983,
  "schedule": "a1",
  "seed": 42,
  "train_params": {
    "lr": 0.001,
    "wd": 1e-06,
    "epochs": 400,
    "batch_size": 4,
    "num_batches_per_epoch": 2
  },
  "timestamp": "2025-10-31T03-01-44",
  "git_sha": "724cdd5"
}