{
  "reversibility": {
    "mean_error": 0.3044771398074204,
    "std_error": 0.23103194388936607,
    "max_error": 0.8821928940095027,
    "min_error": 0.003705079911391407,
    "passed_tolerance": "0",
    "total_tests": 20
  },
  "convergence": {
    "K_convergence": {
      "5": {
        "median": 0.9975539080210674,
        "mean": 0.7846706281264527,
        "max": 0.9992218261374455
      },
      "11": {
        "median": 0.9985975490978724,
        "mean": 0.8931601768769464,
        "max": 0.9996181113241189
      },
      "21": {
        "median": 0.9990074202203788,
        "mean": 0.9474376918510546,
        "max": 0.9998465041330487
      }
    },
    "N_convergence": {
      "50": {
        "median": 0.998023679037657,
        "mean": 0.8868910784968581,
        "max": 0.9998760105453314
      },
      "100": {
        "median": 0.9985975490978724,
        "mean": 0.8931601768769464,
        "max": 0.9996181113241189
      },
      "200": {
        "median": 0.9987501347758466,
        "mean": 0.8994346488638004,
        "max": 0.9998416104430482
      }
    }
  },
  "tolerance_sensitivity": {
    "rtol_sensitivity": {
      "1e-05": {
        "median": 0.9990533330488925,
        "mean": 0.9769126746436065,
        "max": 0.9999660500150762
      },
      "1e-06": {
        "median": 0.9990533095596443,
        "mean": 0.9769169197643854,
        "max": 0.9999660500153366
      },
      "1e-07": {
        "median": 0.9990533081136759,
        "mean": 0.9769178393211969,
        "max": 0.999966050015337
      }
    },
    "atol_sensitivity": {
      "1e-07": {
        "median": 0.9990533095751789,
        "mean": 0.9769181681785278,
        "max": 0.9999660500148396
      },
      "1e-08": {
        "median": 0.9990533095596443,
        "mean": 0.9769169197643854,
        "max": 0.9999660500153366
      },
      "1e-09": {
        "median": 0.9990533073744081,
        "mean": 0.9769175136742941,
        "max": 0.9999660500150762
      }
    }
  }
}