{
  "metadata": {
    "seed": 42,
    "device": "cpu",
    "timestamp": "2025-10-25T22:29:14.712253",
    "git_hash": "e8a9576c",
    "torch_version": "2.5.1",
    "numpy_version": "2.0.1"
  },
  "config": {
    "num_epochs": 2000,
    "learning_rate": 0.001,
    "batch_size": 1024,
    "target_val_loss": 0.0001,
    "K": 11,
    "N": 20,
    "rtol": 1e-06,
    "atol": 1e-08
  },
  "results": {
    "linear": {
      "error_stats": {
        "median": 0.9977377281414651,
        "mean": 0.8911427141794118,
        "max": 0.9994012303069273
      },
      "passed_criteria": false,
      "test_mse": 4.982447267980916e-05
    }
  }
}